    {
        "_index": "vue_storefront_catalog1510349212167",
        "_type": "product",
        "_id": "19",
        "_score": 1,
        "_source": {
          "id": 19,
          "sku": "24-UG05",
          "name": "Go-Get'r Pushup Grips",
          "attribute_set_id": 11,
          "price": 19,
          "status": 1,
          "visibility": 4,
          "type_id": "simple",
          "created_at": "2017-10-31 00:07:05",
          "updated_at": "2017-10-31 00:07:05",
          "weight": 1,
          "extension_attributes": [],
          "product_links": [],
          "tier_prices": [],
          "custom_attributes": null,
          "category": [
            {
              "category_id": 2,
              "name": "Default Category"
            },
            {
              "category_id": 3,
              "name": "Gear"
            },
            {
              "category_id": 5,
              "name": "Fitness Equipment"
            },
            {
              "category_id": 7,
              "name": "Collections"
            },
            {
              "category_id": 8,
              "name": "New Luma Yoga Collection"
            }
          ],
          "tsk": 1510347138278,
          "description": "<p>The Go-Get'r Pushup Grips safely provide the extra range of motion you need for a deep-dip routine targeting core, shoulder, chest and arm strength. Do fewer pushups using more energy, getting better results faster than the standard floor-level technique yield.</p>\n<ul>\n<li>Durable foam grips.</li>\n<li>Supportive base.</li>\n</ul>",
          "image": "/u/g/ug05-gr-0.jpg",
          "small_image": "/u/g/ug05-gr-0.jpg",
          "thumbnail": "/u/g/ug05-gr-0.jpg",
          "color": "53",
          "options_container": "container2",
          "required_options": "0",
          "has_options": "0",
          "url_key": "go-get-r-pushup-grips",
          "tax_class_id": "2",
          "size": "178",
          "activity": "16,11",
          "material": "44,45",
          "gender": "80,81,84",
          "category_gear": "87",
          "erin_recommends": "1",
          "new": "1",
          "pattern": "195",
          "eco_collection": "1",
          "msrp_display_actual_price_type": "0",
          "climate": "202,204,205,208,210",
          "style_bottom": "116,105",
          "performance_fabric": "0",
          "sale": "1",
          "children_data": [],
          "configurable_options": [
            {
              "attribute_id": "93",
              "values": [
                {
                  "value_index": 49
                },
                {
                  "value_index": 52
                },
                {
                  "value_index": 56
                }
              ],
              "product_id": 19,
              "id": 3,
              "label": "Color",
              "position": 0
            },
            {
              "attribute_id": "157",
              "values": [
                {
                  "value_index": 167
                },
                {
                  "value_index": 168
                },
                {
                  "value_index": 169
                },
                {
                  "value_index": 170
                },
                {
                  "value_index": 171
                }
              ],
              "product_id": 19,
              "id": 2,
              "label": "Size",
              "position": 0
            }
          ],
          "configurable_children": [
            {
              "price": 52,
              "name": "Chaz Kangeroo Hoodie-XS-Black",
              "sku": "MH01-XS-Black",
              "custom_attributes": [
                {
                  "value": "0",
                  "attribute_code": "required_options"
                },
                {
                  "value": "0",
                  "attribute_code": "has_options"
                },
                {
                  "value": "2",
                  "attribute_code": "tax_class_id"
                },
                {
                  "value": [
                    "15",
                    "36",
                    "2"
                  ],
                  "attribute_code": "category_ids"
                },
                {
                  "value": "167",
                  "attribute_code": "size"
                },
                {
                  "value": "49",
                  "attribute_code": "color"
                },
                {
                  "value": "/m/h/mh01-black_main.jpg",
                  "attribute_code": "image"
                },
                {
                  "value": "/m/h/mh01-black_main.jpg",
                  "attribute_code": "small_image"
                },
                {
                  "value": "/m/h/mh01-black_main.jpg",
                  "attribute_code": "thumbnail"
                },
                {
                  "value": "chaz-kangeroo-hoodie-xs-black",
                  "attribute_code": "url_key"
                },
                {
                  "value": "0",
                  "attribute_code": "msrp_display_actual_price_type"
                }
              ]
            },
            {
              "price": 52,
              "name": "Chaz Kangeroo Hoodie-XS-Gray",
              "sku": "MH01-XS-Gray",
              "custom_attributes": [
                {
                  "value": "0",
                  "attribute_code": "required_options"
                },
                {
                  "value": "0",
                  "attribute_code": "has_options"
                },
                {
                  "value": "2",
                  "attribute_code": "tax_class_id"
                },
                {
                  "value": [
                    "15",
                    "36",
                    "2"
                  ],
                  "attribute_code": "category_ids"
                },
                {
                  "value": "167",
                  "attribute_code": "size"
                },
                {
                  "value": "52",
                  "attribute_code": "color"
                },
                {
                  "value": "/m/h/mh01-gray_main.jpg",
                  "attribute_code": "image"
                },
                {
                  "value": "/m/h/mh01-gray_main.jpg",
                  "attribute_code": "small_image"
                },
                {
                  "value": "/m/h/mh01-gray_main.jpg",
                  "attribute_code": "thumbnail"
                },
                {
                  "value": "chaz-kangeroo-hoodie-xs-gray",
                  "attribute_code": "url_key"
                },
                {
                  "value": "0",
                  "attribute_code": "msrp_display_actual_price_type"
                }
              ]
            },
            {
              "price": 52,
              "name": "Chaz Kangeroo Hoodie-XS-Orange",
              "sku": "MH01-XS-Orange",
              "custom_attributes": [
                {
                  "value": "0",
                  "attribute_code": "required_options"
                },
                {
                  "value": "0",
                  "attribute_code": "has_options"
                },
                {
                  "value": "2",
                  "attribute_code": "tax_class_id"
                },
                {
                  "value": [
                    "15",
                    "36",
                    "2"
                  ],
                  "attribute_code": "category_ids"
                },
                {
                  "value": "167",
                  "attribute_code": "size"
                },
                {
                  "value": "56",
                  "attribute_code": "color"
                },
                {
                  "value": "/m/h/mh01-orange_main.jpg",
                  "attribute_code": "image"
                },
                {
                  "value": "/m/h/mh01-orange_main.jpg",
                  "attribute_code": "small_image"
                },
                {
                  "value": "/m/h/mh01-orange_main.jpg",
                  "attribute_code": "thumbnail"
                },
                {
                  "value": "chaz-kangeroo-hoodie-xs-orange",
                  "attribute_code": "url_key"
                },
                {
                  "value": "0",
                  "attribute_code": "msrp_display_actual_price_type"
                }
              ]
            },
            {
              "price": 52,
              "name": "Chaz Kangeroo Hoodie-S-Black",
              "sku": "MH01-S-Black",
              "custom_attributes": [
                {
                  "value": "0",
                  "attribute_code": "required_options"
                },
                {
                  "value": "0",
                  "attribute_code": "has_options"
                },
                {
                  "value": "2",
                  "attribute_code": "tax_class_id"
                },
                {
                  "value": [
                    "15",
                    "36",
                    "2"
                  ],
                  "attribute_code": "category_ids"
                },
                {
                  "value": "168",
                  "attribute_code": "size"
                },
                {
                  "value": "49",
                  "attribute_code": "color"
                },
                {
                  "value": "/m/h/mh01-black_main.jpg",
                  "attribute_code": "image"
                },
                {
                  "value": "/m/h/mh01-black_main.jpg",
                  "attribute_code": "small_image"
                },
                {
                  "value": "/m/h/mh01-black_main.jpg",
                  "attribute_code": "thumbnail"
                },
                {
                  "value": "chaz-kangeroo-hoodie-s-black",
                  "attribute_code": "url_key"
                },
                {
                  "value": "0",
                  "attribute_code": "msrp_display_actual_price_type"
                }
              ]
            },
            {
              "price": 52,
              "name": "Chaz Kangeroo Hoodie-S-Gray",
              "sku": "MH01-S-Gray",
              "custom_attributes": [
                {
                  "value": "0",
                  "attribute_code": "required_options"
                },
                {
                  "value": "0",
                  "attribute_code": "has_options"
                },
                {
                  "value": "2",
                  "attribute_code": "tax_class_id"
                },
                {
                  "value": [
                    "15",
                    "36",
                    "2"
                  ],
                  "attribute_code": "category_ids"
                },
                {
                  "value": "168",
                  "attribute_code": "size"
                },
                {
                  "value": "52",
                  "attribute_code": "color"
                },
                {
                  "value": "/m/h/mh01-gray_main.jpg",
                  "attribute_code": "image"
                },
                {
                  "value": "/m/h/mh01-gray_main.jpg",
                  "attribute_code": "small_image"
                },
                {
                  "value": "/m/h/mh01-gray_main.jpg",
                  "attribute_code": "thumbnail"
                },
                {
                  "value": "chaz-kangeroo-hoodie-s-gray",
                  "attribute_code": "url_key"
                },
                {
                  "value": "0",
                  "attribute_code": "msrp_display_actual_price_type"
                }
              ]
            },
            {
              "price": 52,
              "name": "Chaz Kangeroo Hoodie-S-Orange",
              "sku": "MH01-S-Orange",
              "custom_attributes": [
                {
                  "value": "0",
                  "attribute_code": "required_options"
                },
                {
                  "value": "0",
                  "attribute_code": "has_options"
                },
                {
                  "value": "2",
                  "attribute_code": "tax_class_id"
                },
                {
                  "value": [
                    "15",
                    "36",
                    "2"
                  ],
                  "attribute_code": "category_ids"
                },
                {
                  "value": "168",
                  "attribute_code": "size"
                },
                {
                  "value": "56",
                  "attribute_code": "color"
                },
                {
                  "value": "/m/h/mh01-orange_main.jpg",
                  "attribute_code": "image"
                },
                {
                  "value": "/m/h/mh01-orange_main.jpg",
                  "attribute_code": "small_image"
                },
                {
                  "value": "/m/h/mh01-orange_main.jpg",
                  "attribute_code": "thumbnail"
                },
                {
                  "value": "chaz-kangeroo-hoodie-s-orange",
                  "attribute_code": "url_key"
                },
                {
                  "value": "0",
                  "attribute_code": "msrp_display_actual_price_type"
                }
              ]
            },
            {
              "price": 52,
              "name": "Chaz Kangeroo Hoodie-M-Black",
              "sku": "MH01-M-Black",
              "custom_attributes": [
                {
                  "value": "0",
                  "attribute_code": "required_options"
                },
                {
                  "value": "0",
                  "attribute_code": "has_options"
                },
                {
                  "value": "2",
                  "attribute_code": "tax_class_id"
                },
                {
                  "value": [
                    "15",
                    "36",
                    "2"
                  ],
                  "attribute_code": "category_ids"
                },
                {
                  "value": "169",
                  "attribute_code": "size"
                },
                {
                  "value": "49",
                  "attribute_code": "color"
                },
                {
                  "value": "/m/h/mh01-black_main.jpg",
                  "attribute_code": "image"
                },
                {
                  "value": "/m/h/mh01-black_main.jpg",
                  "attribute_code": "small_image"
                },
                {
                  "value": "/m/h/mh01-black_main.jpg",
                  "attribute_code": "thumbnail"
                },
                {
                  "value": "chaz-kangeroo-hoodie-m-black",
                  "attribute_code": "url_key"
                },
                {
                  "value": "0",
                  "attribute_code": "msrp_display_actual_price_type"
                }
              ]
            },
            {
              "price": 52,
              "name": "Chaz Kangeroo Hoodie-M-Gray",
              "sku": "MH01-M-Gray",
              "custom_attributes": [
                {
                  "value": "0",
                  "attribute_code": "required_options"
                },
                {
                  "value": "0",
                  "attribute_code": "has_options"
                },
                {
                  "value": "2",
                  "attribute_code": "tax_class_id"
                },
                {
                  "value": [
                    "15",
                    "36",
                    "2"
                  ],
                  "attribute_code": "category_ids"
                },
                {
                  "value": "169",
                  "attribute_code": "size"
                },
                {
                  "value": "52",
                  "attribute_code": "color"
                },
                {
                  "value": "/m/h/mh01-gray_main.jpg",
                  "attribute_code": "image"
                },
                {
                  "value": "/m/h/mh01-gray_main.jpg",
                  "attribute_code": "small_image"
                },
                {
                  "value": "/m/h/mh01-gray_main.jpg",
                  "attribute_code": "thumbnail"
                },
                {
                  "value": "chaz-kangeroo-hoodie-m-gray",
                  "attribute_code": "url_key"
                },
                {
                  "value": "0",
                  "attribute_code": "msrp_display_actual_price_type"
                }
              ]
            },
            {
              "price": 52,
              "name": "Chaz Kangeroo Hoodie-M-Orange",
              "sku": "MH01-M-Orange",
              "custom_attributes": [
                {
                  "value": "0",
                  "attribute_code": "required_options"
                },
                {
                  "value": "0",
                  "attribute_code": "has_options"
                },
                {
                  "value": "2",
                  "attribute_code": "tax_class_id"
                },
                {
                  "value": [
                    "15",
                    "36",
                    "2"
                  ],
                  "attribute_code": "category_ids"
                },
                {
                  "value": "169",
                  "attribute_code": "size"
                },
                {
                  "value": "56",
                  "attribute_code": "color"
                },
                {
                  "value": "/m/h/mh01-orange_main.jpg",
                  "attribute_code": "image"
                },
                {
                  "value": "/m/h/mh01-orange_main.jpg",
                  "attribute_code": "small_image"
                },
                {
                  "value": "/m/h/mh01-orange_main.jpg",
                  "attribute_code": "thumbnail"
                },
                {
                  "value": "chaz-kangeroo-hoodie-m-orange",
                  "attribute_code": "url_key"
                },
                {
                  "value": "0",
                  "attribute_code": "msrp_display_actual_price_type"
                }
              ]
            },
            {
              "price": 52,
              "name": "Chaz Kangeroo Hoodie-L-Black",
              "sku": "MH01-L-Black",
              "custom_attributes": [
                {
                  "value": "0",
                  "attribute_code": "required_options"
                },
                {
                  "value": "0",
                  "attribute_code": "has_options"
                },
                {
                  "value": "2",
                  "attribute_code": "tax_class_id"
                },
                {
                  "value": [
                    "15",
                    "36",
                    "2"
                  ],
                  "attribute_code": "category_ids"
                },
                {
                  "value": "170",
                  "attribute_code": "size"
                },
                {
                  "value": "49",
                  "attribute_code": "color"
                },
                {
                  "value": "/m/h/mh01-black_main.jpg",
                  "attribute_code": "image"
                },
                {
                  "value": "/m/h/mh01-black_main.jpg",
                  "attribute_code": "small_image"
                },
                {
                  "value": "/m/h/mh01-black_main.jpg",
                  "attribute_code": "thumbnail"
                },
                {
                  "value": "chaz-kangeroo-hoodie-l-black",
                  "attribute_code": "url_key"
                },
                {
                  "value": "0",
                  "attribute_code": "msrp_display_actual_price_type"
                }
              ]
            },
            {
              "price": 52,
              "name": "Chaz Kangeroo Hoodie-L-Gray",
              "sku": "MH01-L-Gray",
              "custom_attributes": [
                {
                  "value": "0",
                  "attribute_code": "required_options"
                },
                {
                  "value": "0",
                  "attribute_code": "has_options"
                },
                {
                  "value": "2",
                  "attribute_code": "tax_class_id"
                },
                {
                  "value": [
                    "15",
                    "36",
                    "2"
                  ],
                  "attribute_code": "category_ids"
                },
                {
                  "value": "170",
                  "attribute_code": "size"
                },
                {
                  "value": "52",
                  "attribute_code": "color"
                },
                {
                  "value": "/m/h/mh01-gray_main.jpg",
                  "attribute_code": "image"
                },
                {
                  "value": "/m/h/mh01-gray_main.jpg",
                  "attribute_code": "small_image"
                },
                {
                  "value": "/m/h/mh01-gray_main.jpg",
                  "attribute_code": "thumbnail"
                },
                {
                  "value": "chaz-kangeroo-hoodie-l-gray",
                  "attribute_code": "url_key"
                },
                {
                  "value": "0",
                  "attribute_code": "msrp_display_actual_price_type"
                }
              ]
            },
            {
              "price": 52,
              "name": "Chaz Kangeroo Hoodie-L-Orange",
              "sku": "MH01-L-Orange",
              "custom_attributes": [
                {
                  "value": "0",
                  "attribute_code": "required_options"
                },
                {
                  "value": "0",
                  "attribute_code": "has_options"
                },
                {
                  "value": "2",
                  "attribute_code": "tax_class_id"
                },
                {
                  "value": [
                    "15",
                    "36",
                    "2"
                  ],
                  "attribute_code": "category_ids"
                },
                {
                  "value": "170",
                  "attribute_code": "size"
                },
                {
                  "value": "56",
                  "attribute_code": "color"
                },
                {
                  "value": "/m/h/mh01-orange_main.jpg",
                  "attribute_code": "image"
                },
                {
                  "value": "/m/h/mh01-orange_main.jpg",
                  "attribute_code": "small_image"
                },
                {
                  "value": "/m/h/mh01-orange_main.jpg",
                  "attribute_code": "thumbnail"
                },
                {
                  "value": "chaz-kangeroo-hoodie-l-orange",
                  "attribute_code": "url_key"
                },
                {
                  "value": "0",
                  "attribute_code": "msrp_display_actual_price_type"
                }
              ]
            },
            {
              "price": 52,
              "name": "Chaz Kangeroo Hoodie-XL-Black",
              "sku": "MH01-XL-Black",
              "custom_attributes": [
                {
                  "value": "0",
                  "attribute_code": "required_options"
                },
                {
                  "value": "0",
                  "attribute_code": "has_options"
                },
                {
                  "value": "2",
                  "attribute_code": "tax_class_id"
                },
                {
                  "value": [
                    "15",
                    "36",
                    "2"
                  ],
                  "attribute_code": "category_ids"
                },
                {
                  "value": "171",
                  "attribute_code": "size"
                },
                {
                  "value": "49",
                  "attribute_code": "color"
                },
                {
                  "value": "/m/h/mh01-black_main.jpg",
                  "attribute_code": "image"
                },
                {
                  "value": "/m/h/mh01-black_main.jpg",
                  "attribute_code": "small_image"
                },
                {
                  "value": "/m/h/mh01-black_main.jpg",
                  "attribute_code": "thumbnail"
                },
                {
                  "value": "chaz-kangeroo-hoodie-xl-black",
                  "attribute_code": "url_key"
                },
                {
                  "value": "0",
                  "attribute_code": "msrp_display_actual_price_type"
                }
              ]
            },
            {
              "price": 52,
              "name": "Chaz Kangeroo Hoodie-XL-Gray",
              "sku": "MH01-XL-Gray",
              "custom_attributes": [
                {
                  "value": "0",
                  "attribute_code": "required_options"
                },
                {
                  "value": "0",
                  "attribute_code": "has_options"
                },
                {
                  "value": "2",
                  "attribute_code": "tax_class_id"
                },
                {
                  "value": [
                    "15",
                    "36",
                    "2"
                  ],
                  "attribute_code": "category_ids"
                },
                {
                  "value": "171",
                  "attribute_code": "size"
                },
                {
                  "value": "52",
                  "attribute_code": "color"
                },
                {
                  "value": "/m/h/mh01-gray_main.jpg",
                  "attribute_code": "image"
                },
                {
                  "value": "/m/h/mh01-gray_main.jpg",
                  "attribute_code": "small_image"
                },
                {
                  "value": "/m/h/mh01-gray_main.jpg",
                  "attribute_code": "thumbnail"
                },
                {
                  "value": "chaz-kangeroo-hoodie-xl-gray",
                  "attribute_code": "url_key"
                },
                {
                  "value": "0",
                  "attribute_code": "msrp_display_actual_price_type"
                }
              ]
            },
            {
              "price": 52,
              "name": "Chaz Kangeroo Hoodie-XL-Orange",
              "sku": "MH01-XL-Orange",
              "custom_attributes": [
                {
                  "value": "0",
                  "attribute_code": "required_options"
                },
                {
                  "value": "0",
                  "attribute_code": "has_options"
                },
                {
                  "value": "2",
                  "attribute_code": "tax_class_id"
                },
                {
                  "value": [
                    "15",
                    "36",
                    "2"
                  ],
                  "attribute_code": "category_ids"
                },
                {
                  "value": "171",
                  "attribute_code": "size"
                },
                {
                  "value": "56",
                  "attribute_code": "color"
                },
                {
                  "value": "/m/h/mh01-orange_main.jpg",
                  "attribute_code": "image"
                },
                {
                  "value": "/m/h/mh01-orange_main.jpg",
                  "attribute_code": "small_image"
                },
                {
                  "value": "/m/h/mh01-orange_main.jpg",
                  "attribute_code": "thumbnail"
                },
                {
                  "value": "chaz-kangeroo-hoodie-xl-orange",
                  "attribute_code": "url_key"
                },
                {
                  "value": "0",
                  "attribute_code": "msrp_display_actual_price_type"
                }
              ]
            }
          ],
          "category_ids": [
            "3",
            "7",
            "5",
            "8"
          ],
          "stock": {
            "min_sale_qty": 1,
            "qty_increments": 0,
            "stock_status_changed_auto": 0,
            "is_in_stock": true,
            "show_default_notification_message": false,
            "use_config_max_sale_qty": true,
            "product_id": 19,
            "use_config_qty_increments": true,
            "notify_stock_qty": 1,
            "manage_stock": true,
            "item_id": 19,
            "min_qty": 0,
            "use_config_min_qty": true,
            "use_config_notify_stock_qty": true,
            "stock_id": 1,
            "use_config_backorders": true,
            "max_sale_qty": 10000,
            "backorders": 0,
            "qty": 100,
            "use_config_enable_qty_inc": true,
            "is_decimal_divided": false,
            "enable_qty_increments": false,
            "is_qty_decimal": false,
            "use_config_manage_stock": true,
            "low_stock_date": null,
            "use_config_min_sale_qty": 1
          }
        }
      }
    ]
  }