{"_index":"vue_storefront_catalog_it_attribute","_type":"_doc","_id":"140","_score":1,"_source":{"is_wysiwyg_enabled":false,"is_html_allowed_on_front":true,"used_for_sort_by":false,"is_filterable":true,"is_filterable_in_search":false,"is_used_in_grid":false,"is_visible_in_grid":false,"is_filterable_in_grid":false,"position":0,"apply_to":[],"is_searchable":"0","is_visible_in_advanced_search":"0","is_comparable":"0","is_used_for_promo_rules":"1","is_visible_on_front":"1","used_in_product_listing":"0","is_visible":true,"scope":"global","attribute_id":140,"attribute_code":"gender","frontend_input":"multiselect","entity_type_id":"4","is_required":false,"options":[{"label":" ","value":""},{"label":"Men","value":"80"},{"label":"Women","value":"81"},{"label":"Boys","value":"82"},{"label":"Girls","value":"83"},{"label":"Unisex","value":"84"}],"is_user_defined":true,"default_frontend_label":"Gender","frontend_labels":null,"backend_type":"varchar","backend_model":"Magento\\Eav\\Model\\Entity\\Attribute\\Backend\\ArrayBackend","source_model":"Magento\\Eav\\Model\\Entity\\Attribute\\Source\\Table","default_value":"","is_unique":"0","validation_rules":[],"id":140,"tsk":1568837760474}}
{"_index":"vue_storefront_catalog_it_attribute","_type":"_doc","_id":"106","_score":1,"_source":{"is_wysiwyg_enabled":false,"is_html_allowed_on_front":false,"used_for_sort_by":false,"is_filterable":false,"is_filterable_in_search":false,"is_used_in_grid":false,"is_visible_in_grid":false,"is_filterable_in_grid":false,"position":0,"apply_to":[],"is_searchable":"0","is_visible_in_advanced_search":"0","is_comparable":"0","is_used_for_promo_rules":"0","is_visible_on_front":"0","used_in_product_listing":"0","is_visible":true,"scope":"store","attribute_id":106,"attribute_code":"options_container","frontend_input":"select","entity_type_id":"4","is_required":false,"options":[{"label":"Product Info Column","value":"container1"},{"label":"Block after Info Column","value":"container2"}],"is_user_defined":false,"default_frontend_label":"Display Product Options In","frontend_labels":null,"backend_type":"varchar","source_model":"Magento\\Catalog\\Model\\Entity\\Product\\Attribute\\Design\\Options\\Container","default_value":"container2","is_unique":"0","validation_rules":[],"id":106,"tsk":1568837760474}}
{"_index":"vue_storefront_catalog_it_attribute","_type":"_doc","_id":"98","_score":1,"_source":{"is_wysiwyg_enabled":false,"is_html_allowed_on_front":false,"used_for_sort_by":false,"is_filterable":false,"is_filterable_in_search":false,"is_used_in_grid":false,"is_visible_in_grid":false,"is_filterable_in_grid":false,"position":0,"apply_to":["simple","virtual","bundle","downloadable","configurable"],"is_searchable":"0","is_visible_in_advanced_search":"0","is_comparable":"0","is_used_for_promo_rules":"0","is_visible_on_front":"0","used_in_product_listing":"0","is_visible":false,"scope":"global","attribute_id":98,"attribute_code":"minimal_price","frontend_input":"price","entity_type_id":"4","is_required":false,"options":[],"is_user_defined":false,"default_frontend_label":"Minimal Price","frontend_labels":null,"backend_type":"decimal","backend_model":"Magento\\Catalog\\Model\\Product\\Attribute\\Backend\\Price","is_unique":"0","validation_rules":[],"id":98,"tsk":1568837760474}}
{"_index":"vue_storefront_catalog_it_attribute","_type":"_doc","_id":"99","_score":1,"_source":{"is_wysiwyg_enabled":false,"is_html_allowed_on_front":false,"used_for_sort_by":false,"is_filterable":false,"is_filterable_in_search":false,"is_used_in_grid":false,"is_visible_in_grid":false,"is_filterable_in_grid":false,"position":0,"apply_to":[],"is_searchable":"0","is_visible_in_advanced_search":"0","is_comparable":"0","is_used_for_promo_rules":"0","is_visible_on_front":"0","used_in_product_listing":"0","is_visible":true,"scope":"store","attribute_id":99,"attribute_code":"visibility","frontend_input":"select","entity_type_id":"4","is_required":false,"options":[{"label":"Not Visible Individually","value":"1"},{"label":"Catalog","value":"2"},{"label":"Search","value":"3"},{"label":"Catalog, Search","value":"4"}],"is_user_defined":false,"default_frontend_label":"Visibility","frontend_labels":null,"backend_type":"int","source_model":"Magento\\Catalog\\Model\\Product\\Visibility","default_value":"4","is_unique":"0","validation_rules":[],"id":99,"tsk":1568837760474}}
{"_index":"vue_storefront_catalog_it_attribute","_type":"_doc","_id":"92","_score":1,"_source":{"is_wysiwyg_enabled":false,"is_html_allowed_on_front":false,"used_for_sort_by":false,"is_filterable":false,"is_filterable_in_search":false,"is_used_in_grid":false,"is_visible_in_grid":false,"is_filterable_in_grid":false,"position":0,"apply_to":["simple","virtual","bundle","downloadable"],"is_searchable":"0","is_visible_in_advanced_search":"0","is_comparable":"0","is_used_for_promo_rules":"0","is_visible_on_front":"0","used_in_product_listing":"0","is_visible":true,"scope":"website","attribute_id":92,"attribute_code":"tier_price","frontend_input":"text","entity_type_id":"4","is_required":false,"options":[],"is_user_defined":false,"default_frontend_label":"Tier Price","frontend_labels":null,"backend_type":"decimal","backend_model":"Magento\\Catalog\\Model\\Product\\Attribute\\Backend\\Tierprice","is_unique":"0","validation_rules":[],"id":92,"tsk":1568837760474}}
{"_index":"vue_storefront_catalog_it_attribute","_type":"_doc","_id":"88","_score":1,"_source":{"is_wysiwyg_enabled":false,"is_html_allowed_on_front":false,"used_for_sort_by":false,"is_filterable":false,"is_filterable_in_search":false,"is_used_in_grid":false,"is_visible_in_grid":false,"is_filterable_in_grid":false,"position":0,"apply_to":[],"is_searchable":"0","is_visible_in_advanced_search":"0","is_comparable":"0","is_used_for_promo_rules":"0","is_visible_on_front":"0","used_in_product_listing":"1","is_visible":true,"scope":"store","attribute_id":88,"attribute_code":"small_image","frontend_input":"media_image","entity_type_id":"4","is_required":false,"options":[],"is_user_defined":false,"default_frontend_label":"Small","frontend_labels":null,"backend_type":"varchar","is_unique":"0","validation_rules":[],"id":88,"tsk":1568837760474}}
{"_index":"vue_storefront_catalog_it_attribute","_type":"_doc","_id":"144","_score":1,"_source":{"is_wysiwyg_enabled":false,"is_html_allowed_on_front":true,"used_for_sort_by":false,"is_filterable":true,"is_filterable_in_search":false,"is_used_in_grid":false,"is_visible_in_grid":false,"is_filterable_in_grid":false,"position":0,"apply_to":[],"is_searchable":"0","is_visible_in_advanced_search":"0","is_comparable":"0","is_used_for_promo_rules":"1","is_visible_on_front":"0","used_in_product_listing":"0","is_visible":true,"scope":"global","attribute_id":144,"attribute_code":"performance_fabric","frontend_input":"boolean","entity_type_id":"4","is_required":false,"options":[{"label":"Yes","value":"1"},{"label":"No","value":"0"}],"is_user_defined":true,"default_frontend_label":"Performance Fabric","frontend_labels":null,"backend_type":"int","source_model":"Magento\\Eav\\Model\\Entity\\Attribute\\Source\\Boolean","default_value":"","is_unique":"0","validation_rules":[],"id":144,"tsk":1568837760474}}
{"_index":"vue_storefront_catalog_it_attribute","_type":"_doc","_id":"114","_score":1,"_source":{"is_wysiwyg_enabled":false,"is_html_allowed_on_front":false,"used_for_sort_by":false,"is_filterable":false,"is_filterable_in_search":false,"is_used_in_grid":true,"is_visible_in_grid":false,"is_filterable_in_grid":true,"position":0,"apply_to":["simple","bundle","grouped","configurable"],"is_searchable":"0","is_visible_in_advanced_search":"0","is_comparable":"0","is_used_for_promo_rules":"0","is_visible_on_front":"0","used_in_product_listing":"0","is_visible":true,"scope":"website","attribute_id":114,"attribute_code":"country_of_manufacture","frontend_input":"select","entity_type_id":"4","is_required":false,"options":[{"label":" ","value":""},{"label":"Afghanistan","value":"AF"},{"label":"Åland Islands","value":"AX"},{"label":"Albania","value":"AL"},{"label":"Algeria","value":"DZ"},{"label":"American Samoa","value":"AS"},{"label":"Andorra","value":"AD"},{"label":"Angola","value":"AO"},{"label":"Anguilla","value":"AI"},{"label":"Antarctica","value":"AQ"},{"label":"Antigua & Barbuda","value":"AG"},{"label":"Argentina","value":"AR"},{"label":"Armenia","value":"AM"},{"label":"Aruba","value":"AW"},{"label":"Australia","value":"AU"},{"label":"Austria","value":"AT"},{"label":"Azerbaijan","value":"AZ"},{"label":"Bahamas","value":"BS"},{"label":"Bahrain","value":"BH"},{"label":"Bangladesh","value":"BD"},{"label":"Barbados","value":"BB"},{"label":"Belarus","value":"BY"},{"label":"Belgium","value":"BE"},{"label":"Belize","value":"BZ"},{"label":"Benin","value":"BJ"},{"label":"Bermuda","value":"BM"},{"label":"Bhutan","value":"BT"},{"label":"Bolivia","value":"BO"},{"label":"Bosnia & Herzegovina","value":"BA"},{"label":"Botswana","value":"BW"},{"label":"Bouvet Island","value":"BV"},{"label":"Brazil","value":"BR"},{"label":"British Indian Ocean Territory","value":"IO"},{"label":"British Virgin Islands","value":"VG"},{"label":"Brunei","value":"BN"},{"label":"Bulgaria","value":"BG"},{"label":"Burkina Faso","value":"BF"},{"label":"Burundi","value":"BI"},{"label":"Cambodia","value":"KH"},{"label":"Cameroon","value":"CM"},{"label":"Canada","value":"CA"},{"label":"Cape Verde","value":"CV"},{"label":"Cayman Islands","value":"KY"},{"label":"Central African Republic","value":"CF"},{"label":"Chad","value":"TD"},{"label":"Chile","value":"CL"},{"label":"China","value":"CN"},{"label":"Christmas Island","value":"CX"},{"label":"Cocos (Keeling) Islands","value":"CC"},{"label":"Colombia","value":"CO"},{"label":"Comoros","value":"KM"},{"label":"Congo - Brazzaville","value":"CG"},{"label":"Congo - Kinshasa","value":"CD"},{"label":"Cook Islands","value":"CK"},{"label":"Costa Rica","value":"CR"},{"label":"Côte d’Ivoire","value":"CI"},{"label":"Croatia","value":"HR"},{"label":"Cuba","value":"CU"},{"label":"Cyprus","value":"CY"},{"label":"Czechia","value":"CZ"},{"label":"Denmark","value":"DK"},{"label":"Djibouti","value":"DJ"},{"label":"Dominica","value":"DM"},{"label":"Dominican Republic","value":"DO"},{"label":"Ecuador","value":"EC"},{"label":"Egypt","value":"EG"},{"label":"El Salvador","value":"SV"},{"label":"Equatorial Guinea","value":"GQ"},{"label":"Eritrea","value":"ER"},{"label":"Estonia","value":"EE"},{"label":"Eswatini","value":"SZ"},{"label":"Ethiopia","value":"ET"},{"label":"Falkland Islands","value":"FK"},{"label":"Faroe Islands","value":"FO"},{"label":"Fiji","value":"FJ"},{"label":"Finland","value":"FI"},{"label":"France","value":"FR"},{"label":"French Guiana","value":"GF"},{"label":"French Polynesia","value":"PF"},{"label":"French Southern Territories","value":"TF"},{"label":"Gabon","value":"GA"},{"label":"Gambia","value":"GM"},{"label":"Georgia","value":"GE"},{"label":"Germany","value":"DE"},{"label":"Ghana","value":"GH"},{"label":"Gibraltar","value":"GI"},{"label":"Greece","value":"GR"},{"label":"Greenland","value":"GL"},{"label":"Grenada","value":"GD"},{"label":"Guadeloupe","value":"GP"},{"label":"Guam","value":"GU"},{"label":"Guatemala","value":"GT"},{"label":"Guernsey","value":"GG"},{"label":"Guinea","value":"GN"},{"label":"Guinea-Bissau","value":"GW"},{"label":"Guyana","value":"GY"},{"label":"Haiti","value":"HT"},{"label":"Heard & McDonald Islands","value":"HM"},{"label":"Honduras","value":"HN"},{"label":"Hong Kong SAR China","value":"HK"},{"label":"Hungary","value":"HU"},{"label":"Iceland","value":"IS"},{"label":"India","value":"IN"},{"label":"Indonesia","value":"ID"},{"label":"Iran","value":"IR"},{"label":"Iraq","value":"IQ"},{"label":"Ireland","value":"IE"},{"label":"Isle of Man","value":"IM"},{"label":"Israel","value":"IL"},{"label":"Italy","value":"IT"},{"label":"Jamaica","value":"JM"},{"label":"Japan","value":"JP"},{"label":"Jersey","value":"JE"},{"label":"Jordan","value":"JO"},{"label":"Kazakhstan","value":"KZ"},{"label":"Kenya","value":"KE"},{"label":"Kiribati","value":"KI"},{"label":"Kuwait","value":"KW"},{"label":"Kyrgyzstan","value":"KG"},{"label":"Laos","value":"LA"},{"label":"Latvia","value":"LV"},{"label":"Lebanon","value":"LB"},{"label":"Lesotho","value":"LS"},{"label":"Liberia","value":"LR"},{"label":"Libya","value":"LY"},{"label":"Liechtenstein","value":"LI"},{"label":"Lithuania","value":"LT"},{"label":"Luxembourg","value":"LU"},{"label":"Macao SAR China","value":"MO"},{"label":"Madagascar","value":"MG"},{"label":"Malawi","value":"MW"},{"label":"Malaysia","value":"MY"},{"label":"Maldives","value":"MV"},{"label":"Mali","value":"ML"},{"label":"Malta","value":"MT"},{"label":"Marshall Islands","value":"MH"},{"label":"Martinique","value":"MQ"},{"label":"Mauritania","value":"MR"},{"label":"Mauritius","value":"MU"},{"label":"Mayotte","value":"YT"},{"label":"Mexico","value":"MX"},{"label":"Micronesia","value":"FM"},{"label":"Moldova","value":"MD"},{"label":"Monaco","value":"MC"},{"label":"Mongolia","value":"MN"},{"label":"Montenegro","value":"ME"},{"label":"Montserrat","value":"MS"},{"label":"Morocco","value":"MA"},{"label":"Mozambique","value":"MZ"},{"label":"Myanmar (Burma)","value":"MM"},{"label":"Namibia","value":"NA"},{"label":"Nauru","value":"NR"},{"label":"Nepal","value":"NP"},{"label":"Netherlands","value":"NL"},{"label":"New Caledonia","value":"NC"},{"label":"New Zealand","value":"NZ"},{"label":"Nicaragua","value":"NI"},{"label":"Niger","value":"NE"},{"label":"Nigeria","value":"NG"},{"label":"Niue","value":"NU"},{"label":"Norfolk Island","value":"NF"},{"label":"Northern Mariana Islands","value":"MP"},{"label":"North Korea","value":"KP"},{"label":"North Macedonia","value":"MK"},{"label":"Norway","value":"NO"},{"label":"Oman","value":"OM"},{"label":"Pakistan","value":"PK"},{"label":"Palau","value":"PW"},{"label":"Palestinian Territories","value":"PS"},{"label":"Panama","value":"PA"},{"label":"Papua New Guinea","value":"PG"},{"label":"Paraguay","value":"PY"},{"label":"Peru","value":"PE"},{"label":"Philippines","value":"PH"},{"label":"Pitcairn Islands","value":"PN"},{"label":"Poland","value":"PL"},{"label":"Portugal","value":"PT"},{"label":"Qatar","value":"QA"},{"label":"Réunion","value":"RE"},{"label":"Romania","value":"RO"},{"label":"Russia","value":"RU"},{"label":"Rwanda","value":"RW"},{"label":"Samoa","value":"WS"},{"label":"San Marino","value":"SM"},{"label":"São Tomé & Príncipe","value":"ST"},{"label":"Saudi Arabia","value":"SA"},{"label":"Senegal","value":"SN"},{"label":"Serbia","value":"RS"},{"label":"Seychelles","value":"SC"},{"label":"Sierra Leone","value":"SL"},{"label":"Singapore","value":"SG"},{"label":"Slovakia","value":"SK"},{"label":"Slovenia","value":"SI"},{"label":"Solomon Islands","value":"SB"},{"label":"Somalia","value":"SO"},{"label":"South Africa","value":"ZA"},{"label":"South Georgia & South Sandwich Islands","value":"GS"},{"label":"South Korea","value":"KR"},{"label":"Spain","value":"ES"},{"label":"Sri Lanka","value":"LK"},{"label":"St. Barthélemy","value":"BL"},{"label":"St. Helena","value":"SH"},{"label":"St. Kitts & Nevis","value":"KN"},{"label":"St. Lucia","value":"LC"},{"label":"St. Martin","value":"MF"},{"label":"St. Pierre & Miquelon","value":"PM"},{"label":"St. Vincent & Grenadines","value":"VC"},{"label":"Sudan","value":"SD"},{"label":"Suriname","value":"SR"},{"label":"Svalbard & Jan Mayen","value":"SJ"},{"label":"Sweden","value":"SE"},{"label":"Switzerland","value":"CH"},{"label":"Syria","value":"SY"},{"label":"Taiwan","value":"TW"},{"label":"Tajikistan","value":"TJ"},{"label":"Tanzania","value":"TZ"},{"label":"Thailand","value":"TH"},{"label":"Timor-Leste","value":"TL"},{"label":"Togo","value":"TG"},{"label":"Tokelau","value":"TK"},{"label":"Tonga","value":"TO"},{"label":"Trinidad & Tobago","value":"TT"},{"label":"Tunisia","value":"TN"},{"label":"Turkey","value":"TR"},{"label":"Turkmenistan","value":"TM"},{"label":"Turks & Caicos Islands","value":"TC"},{"label":"Tuvalu","value":"TV"},{"label":"Uganda","value":"UG"},{"label":"Ukraine","value":"UA"},{"label":"United Arab Emirates","value":"AE"},{"label":"United Kingdom","value":"GB"},{"label":"United States","value":"US"},{"label":"Uruguay","value":"UY"},{"label":"U.S. Outlying Islands","value":"UM"},{"label":"U.S. Virgin Islands","value":"VI"},{"label":"Uzbekistan","value":"UZ"},{"label":"Vanuatu","value":"VU"},{"label":"Vatican City","value":"VA"},{"label":"Venezuela","value":"VE"},{"label":"Vietnam","value":"VN"},{"label":"Wallis & Futuna","value":"WF"},{"label":"Western Sahara","value":"EH"},{"label":"Yemen","value":"YE"},{"label":"Zambia","value":"ZM"},{"label":"Zimbabwe","value":"ZW"}],"is_user_defined":false,"default_frontend_label":"Country of Manufacture","frontend_labels":null,"backend_type":"varchar","source_model":"Magento\\Catalog\\Model\\Product\\Attribute\\Source\\Countryofmanufacture","is_unique":"0","validation_rules":[],"id":114,"tsk":1568837760474}}
{"_index":"vue_storefront_catalog_it_attribute","_type":"_doc","_id":"115","_score":1,"_source":{"is_wysiwyg_enabled":false,"is_html_allowed_on_front":false,"used_for_sort_by":false,"is_filterable":false,"is_filterable_in_search":false,"is_used_in_grid":false,"is_visible_in_grid":false,"is_filterable_in_grid":false,"position":0,"apply_to":[],"is_searchable":"0","is_visible_in_advanced_search":"0","is_comparable":"0","is_used_for_promo_rules":"0","is_visible_on_front":"0","used_in_product_listing":"0","is_visible":true,"scope":"global","attribute_id":115,"attribute_code":"quantity_and_stock_status","frontend_input":"select","entity_type_id":"4","is_required":false,"options":[{"label":"In Stock","value":"1"},{"label":"Out of Stock","value":"0"}],"is_user_defined":false,"default_frontend_label":"Quantity","frontend_labels":null,"backend_type":"int","backend_model":"Magento\\Catalog\\Model\\Product\\Attribute\\Backend\\Stock","source_model":"Magento\\CatalogInventory\\Model\\Source\\Stock","default_value":"1","is_unique":"0","validation_rules":[],"id":115,"tsk":1568837760474}}
{"_index":"vue_storefront_catalog_it_attribute","_type":"_doc","_id":"148","_score":1,"_source":{"is_wysiwyg_enabled":false,"is_html_allowed_on_front":true,"used_for_sort_by":false,"is_filterable":true,"is_filterable_in_search":false,"is_used_in_grid":false,"is_visible_in_grid":false,"is_filterable_in_grid":false,"position":0,"apply_to":[],"is_searchable":"0","is_visible_in_advanced_search":"0","is_comparable":"0","is_used_for_promo_rules":"1","is_visible_on_front":"1","used_in_product_listing":"0","is_visible":true,"scope":"global","attribute_id":148,"attribute_code":"format","frontend_input":"select","entity_type_id":"4","is_required":false,"options":[{"label":" ","value":""},{"label":"Download","value":"102"},{"label":"DVD","value":"103"}],"is_user_defined":true,"default_frontend_label":"Format","frontend_labels":null,"backend_type":"int","source_model":"Magento\\Eav\\Model\\Entity\\Attribute\\Source\\Table","default_value":"","is_unique":"0","validation_rules":[],"id":148,"tsk":1568837760474}}
{"_index":"vue_storefront_catalog_it_attribute","_type":"_doc","_id":"151","_score":1,"_source":{"is_wysiwyg_enabled":false,"is_html_allowed_on_front":true,"used_for_sort_by":false,"is_filterable":true,"is_filterable_in_search":false,"is_used_in_grid":false,"is_visible_in_grid":false,"is_filterable_in_grid":false,"position":0,"apply_to":[],"is_searchable":"0","is_visible_in_advanced_search":"0","is_comparable":"0","is_used_for_promo_rules":"1","is_visible_on_front":"1","used_in_product_listing":"0","is_visible":true,"scope":"global","attribute_id":151,"attribute_code":"sleeve","frontend_input":"multiselect","entity_type_id":"4","is_required":false,"options":[{"label":" ","value":""},{"label":"Sleeve","value":"161"},{"label":"Long-Sleeve","value":"162"},{"label":"Short-Sleeve","value":"163"},{"label":"Sleeveless","value":"164"},{"label":"Tank","value":"165"},{"label":"Strap","value":"166"}],"is_user_defined":true,"default_frontend_label":"Sleeve","frontend_labels":null,"backend_type":"varchar","backend_model":"Magento\\Eav\\Model\\Entity\\Attribute\\Backend\\ArrayBackend","source_model":"Magento\\Eav\\Model\\Entity\\Attribute\\Source\\Table","default_value":"","is_unique":"0","validation_rules":[],"id":151,"tsk":1568837760474}}
{"_index":"vue_storefront_catalog_it_attribute","_type":"_doc","_id":"152","_score":1,"_source":{"is_wysiwyg_enabled":false,"is_html_allowed_on_front":true,"used_for_sort_by":false,"is_filterable":true,"is_filterable_in_search":false,"is_used_in_grid":false,"is_visible_in_grid":false,"is_filterable_in_grid":false,"position":0,"apply_to":[],"is_searchable":"0","is_visible_in_advanced_search":"0","is_comparable":"0","is_used_for_promo_rules":"1","is_visible_on_front":"1","used_in_product_listing":"0","is_visible":true,"scope":"global","attribute_id":152,"attribute_code":"collar","frontend_input":"multiselect","entity_type_id":"4","is_required":false,"options":[{"label":" ","value":""},{"label":"N/A","value":"181"},{"label":"? zip","value":"182"},{"label":"Boat Neck","value":"183"},{"label":"Crew","value":"184"},{"label":"Full zip","value":"185"},{"label":"V-neck","value":"186"},{"label":"Ballet","value":"187"},{"label":"Scoop","value":"188"},{"label":"High Collar","value":"189"},{"label":"Stand Collar","value":"190"},{"label":"Roll Neck","value":"191"},{"label":"Square Neck","value":"192"}],"is_user_defined":true,"default_frontend_label":"Collar","frontend_labels":null,"backend_type":"varchar","backend_model":"Magento\\Eav\\Model\\Entity\\Attribute\\Backend\\ArrayBackend","source_model":"Magento\\Eav\\Model\\Entity\\Attribute\\Source\\Table","default_value":"","is_unique":"0","validation_rules":[],"id":152,"tsk":1568837760474}}
{"_index":"vue_storefront_catalog_it_attribute","_type":"_doc","_id":"108","_score":1,"_source":{"is_wysiwyg_enabled":false,"is_html_allowed_on_front":false,"used_for_sort_by":false,"is_filterable":false,"is_filterable_in_search":false,"is_used_in_grid":false,"is_visible_in_grid":false,"is_filterable_in_grid":false,"position":0,"apply_to":[],"is_searchable":"0","is_visible_in_advanced_search":"0","is_comparable":"0","is_used_for_promo_rules":"0","is_visible_on_front":"0","used_in_product_listing":"0","is_visible":false,"scope":"global","attribute_id":108,"attribute_code":"has_options","frontend_input":"text","entity_type_id":"4","is_required":false,"options":[],"is_user_defined":false,"frontend_labels":null,"backend_type":"static","is_unique":"0","validation_rules":[],"id":108,"tsk":1568837760474}}
{"_index":"vue_storefront_catalog_it_attribute","_type":"_doc","_id":"129","_score":1,"_source":{"is_wysiwyg_enabled":false,"is_html_allowed_on_front":false,"used_for_sort_by":false,"is_filterable":false,"is_filterable_in_search":false,"is_used_in_grid":false,"is_visible_in_grid":false,"is_filterable_in_grid":false,"position":0,"apply_to":["downloadable"],"is_searchable":"0","is_visible_in_advanced_search":"0","is_comparable":"0","is_used_for_promo_rules":"0","is_visible_on_front":"0","used_in_product_listing":"0","is_visible":false,"scope":"store","attribute_id":129,"attribute_code":"samples_title","frontend_input":null,"entity_type_id":"4","is_required":true,"options":[],"is_user_defined":false,"default_frontend_label":"Samples title","frontend_labels":null,"backend_type":"varchar","is_unique":"0","validation_rules":[],"id":129,"tsk":1568837760474}}
{"_index":"vue_storefront_catalog_it_attribute","_type":"_doc","_id":"86","_score":1,"_source":{"is_wysiwyg_enabled":false,"is_html_allowed_on_front":false,"used_for_sort_by":false,"is_filterable":false,"is_filterable_in_search":false,"is_used_in_grid":true,"is_visible_in_grid":false,"is_filterable_in_grid":true,"position":0,"apply_to":[],"is_searchable":"0","is_visible_in_advanced_search":"0","is_comparable":"0","is_used_for_promo_rules":"0","is_visible_on_front":"0","used_in_product_listing":"0","is_visible":true,"scope":"store","attribute_id":86,"attribute_code":"meta_description","frontend_input":"textarea","entity_type_id":"4","is_required":false,"options":[],"is_user_defined":false,"default_frontend_label":"Meta Description","frontend_labels":null,"note":"Maximum 255 chars. Meta Description should optimally be between 150-160 characters","backend_type":"varchar","is_unique":"0","validation_rules":[],"id":86,"tsk":1568837760474}}
{"_index":"vue_storefront_catalog_it_attribute","_type":"_doc","_id":"105","_score":1,"_source":{"is_wysiwyg_enabled":false,"is_html_allowed_on_front":false,"used_for_sort_by":false,"is_filterable":false,"is_filterable_in_search":false,"is_used_in_grid":false,"is_visible_in_grid":false,"is_filterable_in_grid":false,"position":0,"apply_to":[],"is_searchable":"0","is_visible_in_advanced_search":"0","is_comparable":"0","is_used_for_promo_rules":"0","is_visible_on_front":"0","used_in_product_listing":"0","is_visible":true,"scope":"global","attribute_id":105,"attribute_code":"category_ids","frontend_input":"text","entity_type_id":"4","is_required":false,"options":[],"is_user_defined":false,"default_frontend_label":"Categories","frontend_labels":null,"backend_type":"static","backend_model":"Magento\\Catalog\\Model\\Product\\Attribute\\Backend\\Category","is_unique":"0","validation_rules":[],"id":105,"tsk":1568837760474}}
{"_index":"vue_storefront_catalog_it_attribute","_type":"_doc","_id":"89","_score":1,"_source":{"is_wysiwyg_enabled":false,"is_html_allowed_on_front":false,"used_for_sort_by":false,"is_filterable":false,"is_filterable_in_search":false,"is_used_in_grid":false,"is_visible_in_grid":false,"is_filterable_in_grid":false,"position":0,"apply_to":[],"is_searchable":"0","is_visible_in_advanced_search":"0","is_comparable":"0","is_used_for_promo_rules":"0","is_visible_on_front":"0","used_in_product_listing":"1","is_visible":true,"scope":"store","attribute_id":89,"attribute_code":"thumbnail","frontend_input":"media_image","entity_type_id":"4","is_required":false,"options":[],"is_user_defined":false,"default_frontend_label":"Thumbnail","frontend_labels":null,"backend_type":"varchar","is_unique":"0","validation_rules":[],"id":89,"tsk":1568837760474}}
{"_index":"vue_storefront_catalog_it_attribute","_type":"_doc","_id":"141","_score":1,"_source":{"is_wysiwyg_enabled":false,"is_html_allowed_on_front":true,"used_for_sort_by":false,"is_filterable":true,"is_filterable_in_search":false,"is_used_in_grid":false,"is_visible_in_grid":false,"is_filterable_in_grid":false,"position":0,"apply_to":[],"is_searchable":"0","is_visible_in_advanced_search":"0","is_comparable":"0","is_used_for_promo_rules":"1","is_visible_on_front":"1","used_in_product_listing":"0","is_visible":true,"scope":"global","attribute_id":141,"attribute_code":"category_gear","frontend_input":"multiselect","entity_type_id":"4","is_required":false,"options":[{"label":" ","value":""},{"label":"Cardio","value":"85"},{"label":"Electronic","value":"86"},{"label":"Exercise","value":"87"},{"label":"Fashion","value":"88"},{"label":"Hydration","value":"89"},{"label":"Timepiece","value":"90"}],"is_user_defined":true,"default_frontend_label":"Category Gear","frontend_labels":null,"backend_type":"varchar","backend_model":"Magento\\Eav\\Model\\Entity\\Attribute\\Backend\\ArrayBackend","source_model":"Magento\\Eav\\Model\\Entity\\Attribute\\Source\\Table","default_value":"","is_unique":"0","validation_rules":[],"id":141,"tsk":1568837760474}}
{"_index":"vue_storefront_catalog_it_attribute","_type":"_doc","_id":"79","_score":1,"_source":{"is_wysiwyg_enabled":false,"is_html_allowed_on_front":false,"used_for_sort_by":false,"is_filterable":false,"is_filterable_in_search":false,"is_used_in_grid":true,"is_visible_in_grid":false,"is_filterable_in_grid":false,"position":0,"apply_to":["simple","virtual","bundle","downloadable","configurable"],"is_searchable":"0","is_visible_in_advanced_search":"0","is_comparable":"0","is_used_for_promo_rules":"0","is_visible_on_front":"0","used_in_product_listing":"1","is_visible":true,"scope":"website","attribute_id":79,"attribute_code":"special_from_date","frontend_input":"date","entity_type_id":"4","is_required":false,"options":[],"is_user_defined":false,"default_frontend_label":"Special Price From Date","frontend_labels":null,"backend_type":"datetime","backend_model":"Magento\\Catalog\\Model\\Attribute\\Backend\\Startdate","is_unique":"0","validation_rules":[],"id":79,"tsk":1568837760474}}
{"_index":"vue_storefront_catalog_it_attribute","_type":"_doc","_id":"94","_score":1,"_source":{"is_wysiwyg_enabled":false,"is_html_allowed_on_front":false,"used_for_sort_by":false,"is_filterable":false,"is_filterable_in_search":false,"is_used_in_grid":true,"is_visible_in_grid":false,"is_filterable_in_grid":false,"position":0,"apply_to":[],"is_searchable":"0","is_visible_in_advanced_search":"0","is_comparable":"0","is_used_for_promo_rules":"0","is_visible_on_front":"0","used_in_product_listing":"1","is_visible":true,"scope":"website","attribute_id":94,"attribute_code":"news_from_date","frontend_input":"date","entity_type_id":"4","is_required":false,"options":[],"is_user_defined":false,"default_frontend_label":"Set Product as New from Date","frontend_labels":null,"backend_type":"datetime","backend_model":"Magento\\Catalog\\Model\\Attribute\\Backend\\Startdate","is_unique":"0","validation_rules":[],"id":94,"tsk":1568837760474}}
{"_index":"vue_storefront_catalog_it_attribute","_type":"_doc","_id":"111","_score":1,"_source":{"is_wysiwyg_enabled":false,"is_html_allowed_on_front":false,"used_for_sort_by":false,"is_filterable":false,"is_filterable_in_search":false,"is_used_in_grid":false,"is_visible_in_grid":false,"is_filterable_in_grid":false,"position":0,"apply_to":[],"is_searchable":"0","is_visible_in_advanced_search":"0","is_comparable":"0","is_used_for_promo_rules":"0","is_visible_on_front":"0","used_in_product_listing":"1","is_visible":false,"scope":"store","attribute_id":111,"attribute_code":"thumbnail_label","frontend_input":"text","entity_type_id":"4","is_required":false,"options":[],"is_user_defined":false,"default_frontend_label":"Thumbnail Label","frontend_labels":null,"backend_type":"varchar","is_unique":"0","validation_rules":[],"id":111,"tsk":1568837760474}}
{"_index":"vue_storefront_catalog_it_attribute","_type":"_doc","_id":"82","_score":1,"_source":{"is_wysiwyg_enabled":false,"is_html_allowed_on_front":false,"used_for_sort_by":false,"is_filterable":false,"is_filterable_in_search":false,"is_used_in_grid":true,"is_visible_in_grid":false,"is_filterable_in_grid":true,"position":0,"apply_to":["simple","virtual","bundle","downloadable","configurable"],"is_searchable":"0","is_visible_in_advanced_search":"0","is_comparable":"0","is_used_for_promo_rules":"0","is_visible_on_front":"0","used_in_product_listing":"0","is_visible":true,"scope":"global","attribute_id":82,"attribute_code":"weight","frontend_input":"weight","entity_type_id":"4","is_required":false,"options":[],"is_user_defined":false,"default_frontend_label":"Weight","frontend_labels":null,"backend_type":"decimal","backend_model":"Magento\\Catalog\\Model\\Product\\Attribute\\Backend\\Weight","is_unique":"0","validation_rules":[],"id":82,"tsk":1568837760474}}
{"_index":"vue_storefront_catalog_it_attribute","_type":"_doc","_id":"84","_score":1,"_source":{"is_wysiwyg_enabled":false,"is_html_allowed_on_front":false,"used_for_sort_by":false,"is_filterable":false,"is_filterable_in_search":false,"is_used_in_grid":true,"is_visible_in_grid":false,"is_filterable_in_grid":true,"position":0,"apply_to":[],"is_searchable":"0","is_visible_in_advanced_search":"0","is_comparable":"0","is_used_for_promo_rules":"0","is_visible_on_front":"0","used_in_product_listing":"0","is_visible":true,"scope":"store","attribute_id":84,"attribute_code":"meta_title","frontend_input":"text","entity_type_id":"4","is_required":false,"options":[],"is_user_defined":false,"default_frontend_label":"Meta Title","frontend_labels":null,"backend_type":"varchar","is_unique":"0","validation_rules":[],"id":84,"tsk":1568837760474}}
{"_index":"vue_storefront_catalog_it_attribute","_type":"_doc","_id":"119","_score":1,"_source":{"is_wysiwyg_enabled":false,"is_html_allowed_on_front":false,"used_for_sort_by":false,"is_filterable":false,"is_filterable_in_search":false,"is_used_in_grid":true,"is_visible_in_grid":false,"is_filterable_in_grid":true,"position":0,"apply_to":[],"is_searchable":"0","is_visible_in_advanced_search":"0","is_comparable":"0","is_used_for_promo_rules":"0","is_visible_on_front":"0","used_in_product_listing":"1","is_visible":true,"scope":"store","attribute_id":119,"attribute_code":"url_key","frontend_input":"text","entity_type_id":"4","is_required":false,"options":[],"is_user_defined":false,"default_frontend_label":"URL Key","frontend_labels":null,"backend_type":"varchar","is_unique":"0","validation_rules":[],"id":119,"tsk":1568837760474}}
{"_index":"vue_storefront_catalog_it_attribute","_type":"_doc","_id":"90","_score":1,"_source":{"is_wysiwyg_enabled":false,"is_html_allowed_on_front":false,"used_for_sort_by":false,"is_filterable":false,"is_filterable_in_search":false,"is_used_in_grid":false,"is_visible_in_grid":false,"is_filterable_in_grid":false,"position":0,"apply_to":[],"is_searchable":"0","is_visible_in_advanced_search":"0","is_comparable":"0","is_used_for_promo_rules":"0","is_visible_on_front":"0","used_in_product_listing":"0","is_visible":true,"scope":"global","attribute_id":90,"attribute_code":"media_gallery","frontend_input":"gallery","entity_type_id":"4","is_required":false,"options":[],"is_user_defined":false,"default_frontend_label":"Media Gallery","frontend_labels":null,"backend_type":"static","is_unique":"0","validation_rules":[],"id":90,"tsk":1568837760474}}
{"_index":"vue_storefront_catalog_it_attribute","_type":"_doc","_id":"113","_score":1,"_source":{"is_wysiwyg_enabled":false,"is_html_allowed_on_front":false,"used_for_sort_by":false,"is_filterable":false,"is_filterable_in_search":false,"is_used_in_grid":false,"is_visible_in_grid":false,"is_filterable_in_grid":false,"position":0,"apply_to":[],"is_searchable":"0","is_visible_in_advanced_search":"0","is_comparable":"0","is_used_for_promo_rules":"0","is_visible_on_front":"0","used_in_product_listing":"0","is_visible":false,"scope":"global","attribute_id":113,"attribute_code":"updated_at","frontend_input":"date","entity_type_id":"4","is_required":true,"options":[],"is_user_defined":false,"frontend_labels":null,"backend_type":"static","is_unique":"0","validation_rules":[],"id":113,"tsk":1568837760474}}
{"_index":"vue_storefront_catalog_it_attribute","_type":"_doc","_id":"109","_score":1,"_source":{"is_wysiwyg_enabled":false,"is_html_allowed_on_front":false,"used_for_sort_by":false,"is_filterable":false,"is_filterable_in_search":false,"is_used_in_grid":false,"is_visible_in_grid":false,"is_filterable_in_grid":false,"position":0,"apply_to":[],"is_searchable":"0","is_visible_in_advanced_search":"0","is_comparable":"0","is_used_for_promo_rules":"0","is_visible_on_front":"0","used_in_product_listing":"1","is_visible":false,"scope":"store","attribute_id":109,"attribute_code":"image_label","frontend_input":"text","entity_type_id":"4","is_required":false,"options":[],"is_user_defined":false,"default_frontend_label":"Image Label","frontend_labels":null,"backend_type":"varchar","is_unique":"0","validation_rules":[],"id":109,"tsk":1568837760474}}
{"_index":"vue_storefront_catalog_it_attribute","_type":"_doc","_id":"133","_score":1,"_source":{"is_wysiwyg_enabled":false,"is_html_allowed_on_front":false,"used_for_sort_by":false,"is_filterable":false,"is_filterable_in_search":false,"is_used_in_grid":false,"is_visible_in_grid":false,"is_filterable_in_grid":false,"position":0,"apply_to":[],"is_searchable":"0","is_visible_in_advanced_search":"0","is_comparable":"0","is_used_for_promo_rules":"0","is_visible_on_front":"0","used_in_product_listing":"1","is_visible":true,"scope":"store","attribute_id":133,"attribute_code":"swatch_image","frontend_input":"media_image","entity_type_id":"4","is_required":false,"options":[],"is_user_defined":false,"default_frontend_label":"Swatch","frontend_labels":null,"backend_type":"varchar","is_unique":"0","validation_rules":[],"id":133,"tsk":1568837760474}}
{"_index":"vue_storefront_catalog_it_attribute","_type":"_doc","_id":"150","_score":1,"_source":{"is_wysiwyg_enabled":false,"is_html_allowed_on_front":true,"used_for_sort_by":false,"is_filterable":true,"is_filterable_in_search":false,"is_used_in_grid":false,"is_visible_in_grid":false,"is_filterable_in_grid":false,"position":0,"apply_to":[],"is_searchable":"0","is_visible_in_advanced_search":"0","is_comparable":"0","is_used_for_promo_rules":"1","is_visible_on_front":"1","used_in_product_listing":"0","is_visible":true,"scope":"global","attribute_id":150,"attribute_code":"style_general","frontend_input":"multiselect","entity_type_id":"4","is_required":false,"options":[{"label":" ","value":""},{"label":"Insulated","value":"117"},{"label":"Jacket","value":"118"},{"label":"Vest","value":"119"},{"label":"Lightweight","value":"120"},{"label":"Hooded","value":"121"},{"label":"Heavy Duty","value":"122"},{"label":"Rain Coat","value":"123"},{"label":"Hard Shell","value":"124"},{"label":"Soft Shell","value":"125"},{"label":"Windbreaker","value":"126"},{"label":"&frac12; zip","value":"127"},{"label":"&frac14; zip","value":"128"},{"label":"Full Zip","value":"129"},{"label":"Reversible","value":"130"},{"label":"Bra","value":"131"},{"label":"Hoodie","value":"132"},{"label":"Sweatshirt","value":"133"},{"label":"Polo","value":"134"},{"label":"Tank","value":"135"},{"label":"Tee","value":"136"},{"label":"Pullover","value":"137"},{"label":"Hoodie","value":"138"},{"label":"Cardigan","value":"139"},{"label":"Henley","value":"140"},{"label":"Tunic","value":"141"},{"label":"Camisole","value":"142"}],"is_user_defined":true,"default_frontend_label":"Style General","frontend_labels":null,"backend_type":"varchar","backend_model":"Magento\\Eav\\Model\\Entity\\Attribute\\Backend\\ArrayBackend","source_model":"Magento\\Eav\\Model\\Entity\\Attribute\\Source\\Table","default_value":"","is_unique":"0","validation_rules":[],"id":150,"tsk":1568837760474}}
{"_index":"vue_storefront_catalog_it_attribute","_type":"_doc","_id":"101","_score":1,"_source":{"is_wysiwyg_enabled":false,"is_html_allowed_on_front":false,"used_for_sort_by":false,"is_filterable":false,"is_filterable_in_search":false,"is_used_in_grid":true,"is_visible_in_grid":false,"is_filterable_in_grid":false,"position":0,"apply_to":[],"is_searchable":"0","is_visible_in_advanced_search":"0","is_comparable":"0","is_used_for_promo_rules":"0","is_visible_on_front":"0","used_in_product_listing":"0","is_visible":true,"scope":"store","attribute_id":101,"attribute_code":"custom_design_from","frontend_input":"date","entity_type_id":"4","is_required":false,"options":[],"is_user_defined":false,"default_frontend_label":"Active From","frontend_labels":null,"backend_type":"datetime","backend_model":"Magento\\Catalog\\Model\\Attribute\\Backend\\Startdate","is_unique":"0","validation_rules":[],"id":101,"tsk":1568837760474}}
{"_index":"vue_storefront_catalog_it_attribute","_type":"_doc","_id":"95","_score":1,"_source":{"is_wysiwyg_enabled":false,"is_html_allowed_on_front":false,"used_for_sort_by":false,"is_filterable":false,"is_filterable_in_search":false,"is_used_in_grid":true,"is_visible_in_grid":false,"is_filterable_in_grid":false,"position":0,"apply_to":[],"is_searchable":"0","is_visible_in_advanced_search":"0","is_comparable":"0","is_used_for_promo_rules":"0","is_visible_on_front":"0","used_in_product_listing":"1","is_visible":true,"scope":"website","attribute_id":95,"attribute_code":"news_to_date","frontend_input":"date","entity_type_id":"4","is_required":false,"options":[],"is_user_defined":false,"default_frontend_label":"Set Product as New to Date","frontend_labels":null,"backend_type":"datetime","backend_model":"Magento\\Eav\\Model\\Entity\\Attribute\\Backend\\Datetime","is_unique":"0","validation_rules":[],"id":95,"tsk":1568837760474}}
{"_index":"vue_storefront_catalog_it_attribute","_type":"_doc","_id":"154","_score":1,"_source":{"is_wysiwyg_enabled":false,"is_html_allowed_on_front":true,"used_for_sort_by":false,"is_filterable":true,"is_filterable_in_search":false,"is_used_in_grid":false,"is_visible_in_grid":false,"is_filterable_in_grid":false,"position":0,"apply_to":[],"is_searchable":"0","is_visible_in_advanced_search":"0","is_comparable":"0","is_used_for_promo_rules":"1","is_visible_on_front":"1","used_in_product_listing":"0","is_visible":true,"scope":"global","attribute_id":154,"attribute_code":"climate","frontend_input":"multiselect","entity_type_id":"4","is_required":false,"options":[{"label":" ","value":""},{"label":"All-Weather","value":"202"},{"label":"Cold","value":"203"},{"label":"Cool","value":"204"},{"label":"Indoor","value":"205"},{"label":"Mild","value":"206"},{"label":"Rainy","value":"207"},{"label":"Spring","value":"208"},{"label":"Warm","value":"209"},{"label":"Windy","value":"210"},{"label":"Wintry","value":"211"},{"label":"Hot","value":"212"}],"is_user_defined":true,"default_frontend_label":"Climate","frontend_labels":null,"backend_type":"varchar","backend_model":"Magento\\Eav\\Model\\Entity\\Attribute\\Backend\\ArrayBackend","source_model":"Magento\\Eav\\Model\\Entity\\Attribute\\Source\\Table","default_value":"","is_unique":"0","validation_rules":[],"id":154,"tsk":1568837760474}}
{"_index":"vue_storefront_catalog_it_attribute","_type":"_doc","_id":"85","_score":1,"_source":{"is_wysiwyg_enabled":false,"is_html_allowed_on_front":false,"used_for_sort_by":false,"is_filterable":false,"is_filterable_in_search":false,"is_used_in_grid":true,"is_visible_in_grid":false,"is_filterable_in_grid":true,"position":0,"apply_to":[],"is_searchable":"0","is_visible_in_advanced_search":"0","is_comparable":"0","is_used_for_promo_rules":"0","is_visible_on_front":"0","used_in_product_listing":"0","is_visible":true,"scope":"store","attribute_id":85,"attribute_code":"meta_keyword","frontend_input":"textarea","entity_type_id":"4","is_required":false,"options":[],"is_user_defined":false,"default_frontend_label":"Meta Keywords","frontend_labels":null,"backend_type":"text","is_unique":"0","validation_rules":[],"id":85,"tsk":1568837760474}}
{"_index":"vue_storefront_catalog_it_attribute","_type":"_doc","_id":"121","_score":1,"_source":{"is_wysiwyg_enabled":false,"is_html_allowed_on_front":false,"used_for_sort_by":false,"is_filterable":false,"is_filterable_in_search":false,"is_used_in_grid":true,"is_visible_in_grid":false,"is_filterable_in_grid":true,"position":0,"apply_to":["simple","virtual","downloadable","bundle","configurable"],"is_searchable":"0","is_visible_in_advanced_search":"0","is_comparable":"0","is_used_for_promo_rules":"0","is_visible_on_front":"0","used_in_product_listing":"1","is_visible":true,"scope":"global","attribute_id":121,"attribute_code":"msrp","frontend_input":"price","entity_type_id":"4","is_required":false,"options":[],"is_user_defined":false,"default_frontend_label":"Manufacturer's Suggested Retail Price","frontend_labels":null,"backend_type":"decimal","backend_model":"Magento\\Catalog\\Model\\Product\\Attribute\\Backend\\Price","is_unique":"0","validation_rules":[],"id":121,"tsk":1568837760474}}
{"_index":"vue_storefront_catalog_it_attribute","_type":"_doc","_id":"116","_score":1,"_source":{"is_wysiwyg_enabled":false,"is_html_allowed_on_front":false,"used_for_sort_by":false,"is_filterable":false,"is_filterable_in_search":false,"is_used_in_grid":true,"is_visible_in_grid":false,"is_filterable_in_grid":false,"position":0,"apply_to":[],"is_searchable":"0","is_visible_in_advanced_search":"0","is_comparable":"0","is_used_for_promo_rules":"0","is_visible_on_front":"0","used_in_product_listing":"0","is_visible":true,"scope":"store","attribute_id":116,"attribute_code":"custom_layout","frontend_input":"select","entity_type_id":"4","is_required":false,"options":[{"label":"No layout updates","value":""},{"label":"Empty","value":"empty"},{"label":"1 column","value":"1column"},{"label":"2 columns with left bar","value":"2columns-left"},{"label":"2 columns with right bar","value":"2columns-right"},{"label":"3 columns","value":"3columns"}],"is_user_defined":false,"default_frontend_label":"New Layout","frontend_labels":null,"backend_type":"varchar","source_model":"Magento\\Catalog\\Model\\Product\\Attribute\\Source\\Layout","is_unique":"0","validation_rules":[],"id":116,"tsk":1568837760474}}
{"_index":"vue_storefront_catalog_it_attribute","_type":"_doc","_id":"125","_score":1,"_source":{"is_wysiwyg_enabled":false,"is_html_allowed_on_front":false,"used_for_sort_by":false,"is_filterable":false,"is_filterable_in_search":false,"is_used_in_grid":false,"is_visible_in_grid":false,"is_filterable_in_grid":false,"position":0,"apply_to":["bundle"],"is_searchable":"0","is_visible_in_advanced_search":"0","is_comparable":"0","is_used_for_promo_rules":"0","is_visible_on_front":"0","used_in_product_listing":"1","is_visible":true,"scope":"global","attribute_id":125,"attribute_code":"weight_type","frontend_input":"boolean","entity_type_id":"4","is_required":true,"options":[],"is_user_defined":false,"default_frontend_label":"Dynamic Weight","frontend_labels":null,"backend_type":"int","default_value":"0","is_unique":"0","validation_rules":[],"id":125,"tsk":1568837760474}}
{"_index":"vue_storefront_catalog_it_attribute","_type":"_doc","_id":"142","_score":1,"_source":{"is_wysiwyg_enabled":false,"is_html_allowed_on_front":true,"used_for_sort_by":false,"is_filterable":true,"is_filterable_in_search":false,"is_used_in_grid":false,"is_visible_in_grid":false,"is_filterable_in_grid":false,"position":0,"apply_to":[],"is_searchable":"0","is_visible_in_advanced_search":"0","is_comparable":"0","is_used_for_promo_rules":"1","is_visible_on_front":"0","used_in_product_listing":"1","is_visible":true,"scope":"global","attribute_id":142,"attribute_code":"size","frontend_input":"select","entity_type_id":"4","is_required":false,"options":[{"label":" ","value":""},{"label":"55 cm","value":"91"},{"label":"XS","value":"167"},{"label":"65 cm","value":"92"},{"label":"S","value":"168"},{"label":"75 cm","value":"93"},{"label":"M","value":"169"},{"label":"6 foot","value":"94"},{"label":"L","value":"170"},{"label":"8 foot","value":"95"},{"label":"XL","value":"171"},{"label":"10 foot","value":"96"},{"label":"28","value":"172"},{"label":"29","value":"173"},{"label":"30","value":"174"},{"label":"31","value":"175"},{"label":"32","value":"176"},{"label":"33","value":"177"},{"label":"34","value":"178"},{"label":"36","value":"179"},{"label":"38","value":"180"}],"is_user_defined":true,"default_frontend_label":"Size","frontend_labels":null,"backend_type":"int","source_model":"Magento\\Eav\\Model\\Entity\\Attribute\\Source\\Table","default_value":"91","is_unique":"0","validation_rules":[],"id":142,"tsk":1568837760474}}
{"_index":"vue_storefront_catalog_it_attribute","_type":"_doc","_id":"134","_score":1,"_source":{"is_wysiwyg_enabled":false,"is_html_allowed_on_front":false,"used_for_sort_by":false,"is_filterable":false,"is_filterable_in_search":false,"is_used_in_grid":true,"is_visible_in_grid":false,"is_filterable_in_grid":true,"position":0,"apply_to":["simple","virtual","bundle","downloadable","configurable"],"is_searchable":"1","is_visible_in_advanced_search":"0","is_comparable":"0","is_used_for_promo_rules":"0","is_visible_on_front":"0","used_in_product_listing":"1","is_visible":true,"scope":"website","attribute_id":134,"attribute_code":"tax_class_id","frontend_input":"select","entity_type_id":"4","is_required":false,"options":[{"label":"None","value":"0"},{"label":"Taxable Goods","value":"2"}],"is_user_defined":false,"default_frontend_label":"Tax Class","frontend_labels":null,"backend_type":"int","source_model":"Magento\\Tax\\Model\\TaxClass\\Source\\Product","default_value":"2","is_unique":"0","validation_rules":[],"id":134,"tsk":1568837760474}}
{"_index":"vue_storefront_catalog_it_attribute","_type":"_doc","_id":"123","_score":1,"_source":{"is_wysiwyg_enabled":false,"is_html_allowed_on_front":false,"used_for_sort_by":false,"is_filterable":false,"is_filterable_in_search":false,"is_used_in_grid":false,"is_visible_in_grid":false,"is_filterable_in_grid":false,"position":0,"apply_to":["bundle"],"is_searchable":"0","is_visible_in_advanced_search":"0","is_comparable":"0","is_used_for_promo_rules":"0","is_visible_on_front":"0","used_in_product_listing":"1","is_visible":true,"scope":"global","attribute_id":123,"attribute_code":"price_type","frontend_input":"boolean","entity_type_id":"4","is_required":true,"options":[],"is_user_defined":false,"default_frontend_label":"Dynamic Price","frontend_labels":null,"backend_type":"int","default_value":"0","is_unique":"0","validation_rules":[],"id":123,"tsk":1568837760474}}
{"_index":"vue_storefront_catalog_it_attribute","_type":"_doc","_id":"127","_score":1,"_source":{"is_wysiwyg_enabled":false,"is_html_allowed_on_front":false,"used_for_sort_by":false,"is_filterable":false,"is_filterable_in_search":false,"is_used_in_grid":false,"is_visible_in_grid":false,"is_filterable_in_grid":false,"position":0,"apply_to":["bundle"],"is_searchable":"0","is_visible_in_advanced_search":"0","is_comparable":"0","is_used_for_promo_rules":"0","is_visible_on_front":"0","used_in_product_listing":"1","is_visible":true,"scope":"global","attribute_id":127,"attribute_code":"shipment_type","frontend_input":"select","entity_type_id":"4","is_required":true,"options":[{"label":"Together","value":"0"},{"label":"Separately","value":"1"}],"is_user_defined":false,"default_frontend_label":"Ship Bundle Items","frontend_labels":null,"backend_type":"int","source_model":"Magento\\Bundle\\Model\\Product\\Attribute\\Source\\Shipment\\Type","default_value":"0","is_unique":"0","validation_rules":[],"id":127,"tsk":1568837760474}}
{"_index":"vue_storefront_catalog_it_attribute","_type":"_doc","_id":"77","_score":1,"_source":{"is_wysiwyg_enabled":false,"is_html_allowed_on_front":false,"used_for_sort_by":true,"is_filterable":true,"is_filterable_in_search":false,"is_used_in_grid":false,"is_visible_in_grid":false,"is_filterable_in_grid":false,"position":0,"apply_to":["simple","virtual","bundle","downloadable","configurable"],"is_searchable":"1","is_visible_in_advanced_search":"1","is_comparable":"0","is_used_for_promo_rules":"0","is_visible_on_front":"0","used_in_product_listing":"1","is_visible":true,"scope":"global","attribute_id":77,"attribute_code":"price","frontend_input":"price","entity_type_id":"4","is_required":true,"options":[],"is_user_defined":false,"default_frontend_label":"Price","frontend_labels":null,"backend_type":"decimal","backend_model":"Magento\\Catalog\\Model\\Product\\Attribute\\Backend\\Price","is_unique":"0","validation_rules":[],"id":77,"tsk":1568837760474}}
{"_index":"vue_storefront_catalog_it_attribute","_type":"_doc","_id":"83","_score":1,"_source":{"is_wysiwyg_enabled":false,"is_html_allowed_on_front":false,"used_for_sort_by":false,"is_filterable":true,"is_filterable_in_search":false,"is_used_in_grid":true,"is_visible_in_grid":false,"is_filterable_in_grid":true,"position":0,"apply_to":["simple"],"is_searchable":"1","is_visible_in_advanced_search":"1","is_comparable":"1","is_used_for_promo_rules":"0","is_visible_on_front":"0","used_in_product_listing":"0","is_visible":true,"scope":"global","attribute_id":83,"attribute_code":"manufacturer","frontend_input":"select","entity_type_id":"4","is_required":false,"options":[{"label":" ","value":""}],"is_user_defined":true,"default_frontend_label":"Manufacturer","frontend_labels":null,"backend_type":"int","source_model":"Magento\\Eav\\Model\\Entity\\Attribute\\Source\\Table","is_unique":"0","validation_rules":[],"id":83,"tsk":1568837760474}}
{"_index":"vue_storefront_catalog_it_attribute","_type":"_doc","_id":"81","_score":1,"_source":{"is_wysiwyg_enabled":false,"is_html_allowed_on_front":false,"used_for_sort_by":false,"is_filterable":false,"is_filterable_in_search":false,"is_used_in_grid":true,"is_visible_in_grid":false,"is_filterable_in_grid":true,"position":0,"apply_to":["simple","virtual","downloadable"],"is_searchable":"0","is_visible_in_advanced_search":"0","is_comparable":"0","is_used_for_promo_rules":"0","is_visible_on_front":"0","used_in_product_listing":"0","is_visible":true,"scope":"global","attribute_id":81,"attribute_code":"cost","frontend_input":"price","entity_type_id":"4","is_required":false,"options":[],"is_user_defined":true,"default_frontend_label":"Cost","frontend_labels":null,"backend_type":"decimal","backend_model":"Magento\\Catalog\\Model\\Product\\Attribute\\Backend\\Price","is_unique":"0","validation_rules":[],"id":81,"tsk":1568837760474}}
{"_index":"vue_storefront_catalog_it_attribute","_type":"_doc","_id":"78","_score":1,"_source":{"is_wysiwyg_enabled":false,"is_html_allowed_on_front":false,"used_for_sort_by":false,"is_filterable":false,"is_filterable_in_search":false,"is_used_in_grid":true,"is_visible_in_grid":false,"is_filterable_in_grid":true,"position":0,"apply_to":["simple","virtual","bundle","downloadable","configurable"],"is_searchable":"0","is_visible_in_advanced_search":"0","is_comparable":"0","is_used_for_promo_rules":"0","is_visible_on_front":"0","used_in_product_listing":"1","is_visible":true,"scope":"global","attribute_id":78,"attribute_code":"special_price","frontend_input":"price","entity_type_id":"4","is_required":false,"options":[],"is_user_defined":false,"default_frontend_label":"Special Price","frontend_labels":null,"backend_type":"decimal","backend_model":"Magento\\Catalog\\Model\\Product\\Attribute\\Backend\\Price","is_unique":"0","validation_rules":[],"id":78,"tsk":1568837760474}}
{"_index":"vue_storefront_catalog_it_attribute","_type":"_doc","_id":"97","_score":1,"_source":{"is_wysiwyg_enabled":false,"is_html_allowed_on_front":false,"used_for_sort_by":false,"is_filterable":false,"is_filterable_in_search":false,"is_used_in_grid":false,"is_visible_in_grid":false,"is_filterable_in_grid":false,"position":0,"apply_to":[],"is_searchable":"1","is_visible_in_advanced_search":"0","is_comparable":"0","is_used_for_promo_rules":"0","is_visible_on_front":"0","used_in_product_listing":"1","is_visible":true,"scope":"website","attribute_id":97,"attribute_code":"status","frontend_input":"select","entity_type_id":"4","is_required":false,"options":[{"label":"Enabled","value":"1"},{"label":"Disabled","value":"2"}],"is_user_defined":false,"default_frontend_label":"Enable Product","frontend_labels":null,"backend_type":"int","source_model":"Magento\\Catalog\\Model\\Product\\Attribute\\Source\\Status","default_value":"1","is_unique":"0","validation_rules":[],"id":97,"tsk":1568837760474}}
{"_index":"vue_storefront_catalog_it_attribute","_type":"_doc","_id":"100","_score":1,"_source":{"is_wysiwyg_enabled":false,"is_html_allowed_on_front":false,"used_for_sort_by":false,"is_filterable":false,"is_filterable_in_search":false,"is_used_in_grid":true,"is_visible_in_grid":false,"is_filterable_in_grid":true,"position":0,"apply_to":[],"is_searchable":"0","is_visible_in_advanced_search":"0","is_comparable":"0","is_used_for_promo_rules":"0","is_visible_on_front":"0","used_in_product_listing":"0","is_visible":true,"scope":"store","attribute_id":100,"attribute_code":"custom_design","frontend_input":"select","entity_type_id":"4","is_required":false,"options":[{"label":"-- Please Select --","value":""},{"label":"Magento Blank","value":"1"},{"label":"Magento Luma","value":"2"}],"is_user_defined":false,"default_frontend_label":"New Theme","frontend_labels":null,"backend_type":"varchar","source_model":"Magento\\Theme\\Model\\Theme\\Source\\Theme","is_unique":"0","validation_rules":[],"id":100,"tsk":1568837760474}}
{"_index":"vue_storefront_catalog_it_attribute","_type":"_doc","_id":"91","_score":1,"_source":{"is_wysiwyg_enabled":false,"is_html_allowed_on_front":false,"used_for_sort_by":false,"is_filterable":false,"is_filterable_in_search":false,"is_used_in_grid":false,"is_visible_in_grid":false,"is_filterable_in_grid":false,"position":0,"apply_to":[],"is_searchable":"0","is_visible_in_advanced_search":"0","is_comparable":"0","is_used_for_promo_rules":"0","is_visible_on_front":"0","used_in_product_listing":"0","is_visible":false,"scope":"global","attribute_id":91,"attribute_code":"old_id","frontend_input":"text","entity_type_id":"4","is_required":false,"options":[],"is_user_defined":false,"frontend_labels":null,"backend_type":"int","is_unique":"0","validation_rules":[],"id":91,"tsk":1568837760474}}
{"_index":"vue_storefront_catalog_it_attribute","_type":"_doc","_id":"96","_score":1,"_source":{"is_wysiwyg_enabled":false,"is_html_allowed_on_front":false,"used_for_sort_by":false,"is_filterable":false,"is_filterable_in_search":false,"is_used_in_grid":false,"is_visible_in_grid":false,"is_filterable_in_grid":false,"position":0,"apply_to":[],"is_searchable":"0","is_visible_in_advanced_search":"0","is_comparable":"0","is_used_for_promo_rules":"0","is_visible_on_front":"0","used_in_product_listing":"0","is_visible":true,"scope":"global","attribute_id":96,"attribute_code":"gallery","frontend_input":"gallery","entity_type_id":"4","is_required":false,"options":[],"is_user_defined":false,"default_frontend_label":"Image Gallery","frontend_labels":null,"backend_type":"varchar","is_unique":"0","validation_rules":[],"id":96,"tsk":1568837760474}}
{"_index":"vue_storefront_catalog_it_attribute","_type":"_doc","_id":"130","_score":1,"_source":{"is_wysiwyg_enabled":false,"is_html_allowed_on_front":false,"used_for_sort_by":false,"is_filterable":false,"is_filterable_in_search":false,"is_used_in_grid":false,"is_visible_in_grid":false,"is_filterable_in_grid":false,"position":0,"apply_to":["downloadable"],"is_searchable":"0","is_visible_in_advanced_search":"0","is_comparable":"0","is_used_for_promo_rules":"0","is_visible_on_front":"0","used_in_product_listing":"0","is_visible":false,"scope":"store","attribute_id":130,"attribute_code":"links_title","frontend_input":null,"entity_type_id":"4","is_required":true,"options":[],"is_user_defined":false,"default_frontend_label":"Links title","frontend_labels":null,"backend_type":"varchar","is_unique":"0","validation_rules":[],"id":130,"tsk":1568837760474}}
{"_index":"vue_storefront_catalog_it_attribute","_type":"_doc","_id":"124","_score":1,"_source":{"is_wysiwyg_enabled":false,"is_html_allowed_on_front":false,"used_for_sort_by":false,"is_filterable":false,"is_filterable_in_search":false,"is_used_in_grid":false,"is_visible_in_grid":false,"is_filterable_in_grid":false,"position":0,"apply_to":["bundle"],"is_searchable":"0","is_visible_in_advanced_search":"0","is_comparable":"0","is_used_for_promo_rules":"0","is_visible_on_front":"0","used_in_product_listing":"0","is_visible":true,"scope":"global","attribute_id":124,"attribute_code":"sku_type","frontend_input":"boolean","entity_type_id":"4","is_required":true,"options":[],"is_user_defined":false,"default_frontend_label":"Dynamic SKU","frontend_labels":null,"backend_type":"int","default_value":"0","is_unique":"0","validation_rules":[],"id":124,"tsk":1568837760474}}
{"_index":"vue_storefront_catalog_it_attribute","_type":"_doc","_id":"143","_score":1,"_source":{"is_wysiwyg_enabled":false,"is_html_allowed_on_front":true,"used_for_sort_by":false,"is_filterable":true,"is_filterable_in_search":false,"is_used_in_grid":false,"is_visible_in_grid":false,"is_filterable_in_grid":false,"position":0,"apply_to":[],"is_searchable":"0","is_visible_in_advanced_search":"0","is_comparable":"0","is_used_for_promo_rules":"1","is_visible_on_front":"0","used_in_product_listing":"0","is_visible":true,"scope":"global","attribute_id":143,"attribute_code":"eco_collection","frontend_input":"boolean","entity_type_id":"4","is_required":false,"options":[{"label":"Yes","value":"1"},{"label":"No","value":"0"}],"is_user_defined":true,"default_frontend_label":"Eco Collection","frontend_labels":null,"backend_type":"int","source_model":"Magento\\Eav\\Model\\Entity\\Attribute\\Source\\Boolean","default_value":"","is_unique":"0","validation_rules":[],"id":143,"tsk":1568837760474}}
{"_index":"vue_storefront_catalog_it_attribute","_type":"_doc","_id":"76","_score":1,"_source":{"is_wysiwyg_enabled":true,"is_html_allowed_on_front":true,"used_for_sort_by":false,"is_filterable":false,"is_filterable_in_search":false,"is_used_in_grid":true,"is_visible_in_grid":false,"is_filterable_in_grid":false,"position":0,"apply_to":[],"is_searchable":"1","is_visible_in_advanced_search":"1","is_comparable":"1","is_used_for_promo_rules":"0","is_visible_on_front":"0","used_in_product_listing":"1","is_visible":true,"scope":"store","attribute_id":76,"attribute_code":"short_description","frontend_input":"textarea","entity_type_id":"4","is_required":false,"options":[],"is_user_defined":false,"default_frontend_label":"Short Description","frontend_labels":null,"backend_type":"text","is_unique":"0","validation_rules":[],"id":76,"tsk":1568837760474}}
{"_index":"vue_storefront_catalog_it_attribute","_type":"_doc","_id":"107","_score":1,"_source":{"is_wysiwyg_enabled":false,"is_html_allowed_on_front":false,"used_for_sort_by":false,"is_filterable":false,"is_filterable_in_search":false,"is_used_in_grid":false,"is_visible_in_grid":false,"is_filterable_in_grid":false,"position":0,"apply_to":[],"is_searchable":"0","is_visible_in_advanced_search":"0","is_comparable":"0","is_used_for_promo_rules":"0","is_visible_on_front":"0","used_in_product_listing":"1","is_visible":false,"scope":"global","attribute_id":107,"attribute_code":"required_options","frontend_input":"text","entity_type_id":"4","is_required":false,"options":[],"is_user_defined":false,"frontend_labels":null,"backend_type":"static","is_unique":"0","validation_rules":[],"id":107,"tsk":1568837760474}}
{"_index":"vue_storefront_catalog_it_attribute","_type":"_doc","_id":"132","_score":1,"_source":{"is_wysiwyg_enabled":false,"is_html_allowed_on_front":false,"used_for_sort_by":false,"is_filterable":false,"is_filterable_in_search":false,"is_used_in_grid":true,"is_visible_in_grid":false,"is_filterable_in_grid":false,"position":0,"apply_to":[],"is_searchable":"0","is_visible_in_advanced_search":"0","is_comparable":"0","is_used_for_promo_rules":"0","is_visible_on_front":"0","used_in_product_listing":"0","is_visible":true,"scope":"global","attribute_id":132,"attribute_code":"gift_message_available","frontend_input":"select","entity_type_id":"4","is_required":false,"options":[{"label":"Yes","value":"1"},{"label":"No","value":"0"},{"label":"Use config","value":"2"}],"is_user_defined":false,"default_frontend_label":"Allow Gift Message","frontend_labels":null,"backend_type":"varchar","backend_model":"Magento\\Catalog\\Model\\Product\\Attribute\\Backend\\Boolean","source_model":"Magento\\Catalog\\Model\\Product\\Attribute\\Source\\Boolean","is_unique":"0","validation_rules":[],"id":132,"tsk":1568837760474}}
{"_index":"vue_storefront_catalog_it_attribute","_type":"_doc","_id":"128","_score":1,"_source":{"is_wysiwyg_enabled":false,"is_html_allowed_on_front":false,"used_for_sort_by":false,"is_filterable":false,"is_filterable_in_search":false,"is_used_in_grid":false,"is_visible_in_grid":false,"is_filterable_in_grid":false,"position":0,"apply_to":["downloadable"],"is_searchable":"0","is_visible_in_advanced_search":"0","is_comparable":"0","is_used_for_promo_rules":"0","is_visible_on_front":"0","used_in_product_listing":"1","is_visible":false,"scope":"global","attribute_id":128,"attribute_code":"links_purchased_separately","frontend_input":null,"entity_type_id":"4","is_required":true,"options":[],"is_user_defined":false,"default_frontend_label":"Links can be purchased separately","frontend_labels":null,"backend_type":"int","is_unique":"0","validation_rules":[],"id":128,"tsk":1568837760474}}
{"_index":"vue_storefront_catalog_it_attribute","_type":"_doc","_id":"112","_score":1,"_source":{"is_wysiwyg_enabled":false,"is_html_allowed_on_front":false,"used_for_sort_by":false,"is_filterable":false,"is_filterable_in_search":false,"is_used_in_grid":false,"is_visible_in_grid":false,"is_filterable_in_grid":false,"position":0,"apply_to":[],"is_searchable":"0","is_visible_in_advanced_search":"0","is_comparable":"0","is_used_for_promo_rules":"0","is_visible_on_front":"0","used_in_product_listing":"0","is_visible":false,"scope":"global","attribute_id":112,"attribute_code":"created_at","frontend_input":"date","entity_type_id":"4","is_required":true,"options":[],"is_user_defined":false,"frontend_labels":null,"backend_type":"static","is_unique":"0","validation_rules":[],"id":112,"tsk":1568837760474}}
{"_index":"vue_storefront_catalog_it_attribute","_type":"_doc","_id":"139","_score":1,"_source":{"is_wysiwyg_enabled":false,"is_html_allowed_on_front":true,"used_for_sort_by":false,"is_filterable":true,"is_filterable_in_search":false,"is_used_in_grid":false,"is_visible_in_grid":false,"is_filterable_in_grid":false,"position":0,"apply_to":[],"is_searchable":"0","is_visible_in_advanced_search":"0","is_comparable":"0","is_used_for_promo_rules":"1","is_visible_on_front":"1","used_in_product_listing":"0","is_visible":true,"scope":"global","attribute_id":139,"attribute_code":"features_bags","frontend_input":"multiselect","entity_type_id":"4","is_required":false,"options":[{"label":" ","value":""},{"label":"Audio Pocket","value":"69"},{"label":"Wheeled","value":"70"},{"label":"Hydration Pocket","value":"71"},{"label":"Audio Pocket","value":"72"},{"label":"Flapover","value":"73"},{"label":"Waterproof","value":"74"},{"label":"Lightweight","value":"75"},{"label":"TSA Approved","value":"76"},{"label":"Reflective","value":"77"},{"label":"Laptop Sleeve","value":"78"},{"label":"Lockable","value":"79"}],"is_user_defined":true,"default_frontend_label":"Features","frontend_labels":null,"backend_type":"varchar","backend_model":"Magento\\Eav\\Model\\Entity\\Attribute\\Backend\\ArrayBackend","source_model":"Magento\\Eav\\Model\\Entity\\Attribute\\Source\\Table","default_value":"","is_unique":"0","validation_rules":[],"id":139,"tsk":1568837760474}}
{"_index":"vue_storefront_catalog_it_attribute","_type":"_doc","_id":"153","_score":1,"_source":{"is_wysiwyg_enabled":false,"is_html_allowed_on_front":true,"used_for_sort_by":false,"is_filterable":true,"is_filterable_in_search":false,"is_used_in_grid":false,"is_visible_in_grid":false,"is_filterable_in_grid":false,"position":0,"apply_to":[],"is_searchable":"0","is_visible_in_advanced_search":"0","is_comparable":"0","is_used_for_promo_rules":"1","is_visible_on_front":"1","used_in_product_listing":"0","is_visible":true,"scope":"global","attribute_id":153,"attribute_code":"pattern","frontend_input":"multiselect","entity_type_id":"4","is_required":false,"options":[{"label":" ","value":""},{"label":"Color-Blocked","value":"193"},{"label":"Checked","value":"194"},{"label":"Color-Blocked","value":"195"},{"label":"Graphic Print","value":"196"},{"label":"Solid","value":"197"},{"label":"Solid-Highlight","value":"198"},{"label":"Striped","value":"199"},{"label":"Camo","value":"200"},{"label":"Geometric","value":"201"}],"is_user_defined":true,"default_frontend_label":"Pattern","frontend_labels":null,"backend_type":"varchar","backend_model":"Magento\\Eav\\Model\\Entity\\Attribute\\Backend\\ArrayBackend","source_model":"Magento\\Eav\\Model\\Entity\\Attribute\\Source\\Table","default_value":"","is_unique":"0","validation_rules":[],"id":153,"tsk":1568837760474}}
{"_index":"vue_storefront_catalog_it_attribute","_type":"_doc","_id":"74","_score":1,"_source":{"is_wysiwyg_enabled":false,"is_html_allowed_on_front":false,"used_for_sort_by":false,"is_filterable":false,"is_filterable_in_search":false,"is_used_in_grid":false,"is_visible_in_grid":false,"is_filterable_in_grid":false,"position":0,"apply_to":[],"is_searchable":"1","is_visible_in_advanced_search":"1","is_comparable":"1","is_used_for_promo_rules":"1","is_visible_on_front":"0","used_in_product_listing":"0","is_visible":true,"scope":"global","attribute_id":74,"attribute_code":"sku","frontend_input":"text","entity_type_id":"4","is_required":true,"options":[],"is_user_defined":false,"default_frontend_label":"SKU","frontend_labels":null,"backend_type":"static","backend_model":"Magento\\Catalog\\Model\\Product\\Attribute\\Backend\\Sku","is_unique":"1","frontend_class":"validate-length maximum-length-64","validation_rules":[],"id":74,"tsk":1568837760474}}
{"_index":"vue_storefront_catalog_it_attribute","_type":"_doc","_id":"138","_score":1,"_source":{"is_wysiwyg_enabled":false,"is_html_allowed_on_front":true,"used_for_sort_by":false,"is_filterable":true,"is_filterable_in_search":false,"is_used_in_grid":false,"is_visible_in_grid":false,"is_filterable_in_grid":false,"position":0,"apply_to":[],"is_searchable":"0","is_visible_in_advanced_search":"0","is_comparable":"0","is_used_for_promo_rules":"1","is_visible_on_front":"1","used_in_product_listing":"0","is_visible":true,"scope":"global","attribute_id":138,"attribute_code":"strap_bags","frontend_input":"multiselect","entity_type_id":"4","is_required":false,"options":[{"label":" ","value":""},{"label":"Adjustable","value":"61"},{"label":"Cross Body","value":"62"},{"label":"Detachable","value":"63"},{"label":"Double","value":"64"},{"label":"Padded","value":"65"},{"label":"Shoulder","value":"66"},{"label":"Single","value":"67"},{"label":"Telescoping","value":"68"}],"is_user_defined":true,"default_frontend_label":"Strap/Handle","frontend_labels":null,"backend_type":"varchar","backend_model":"Magento\\Eav\\Model\\Entity\\Attribute\\Backend\\ArrayBackend","source_model":"Magento\\Eav\\Model\\Entity\\Attribute\\Source\\Table","default_value":"","is_unique":"0","validation_rules":[],"id":138,"tsk":1568837760474}}
{"_index":"vue_storefront_catalog_it_attribute","_type":"_doc","_id":"135","_score":1,"_source":{"is_wysiwyg_enabled":false,"is_html_allowed_on_front":true,"used_for_sort_by":false,"is_filterable":true,"is_filterable_in_search":false,"is_used_in_grid":false,"is_visible_in_grid":false,"is_filterable_in_grid":false,"position":0,"apply_to":[],"is_searchable":"0","is_visible_in_advanced_search":"0","is_comparable":"1","is_used_for_promo_rules":"1","is_visible_on_front":"1","used_in_product_listing":"0","is_visible":true,"scope":"global","attribute_id":135,"attribute_code":"activity","frontend_input":"multiselect","entity_type_id":"4","is_required":false,"options":[{"label":" ","value":""},{"label":"Hike","value":"4"},{"label":"Outdoor","value":"5"},{"label":"Running","value":"6"},{"label":"Warmup","value":"7"},{"label":"Yoga","value":"8"},{"label":"Recreation","value":"9"},{"label":"Lounge","value":"10"},{"label":"Gym","value":"11"},{"label":"Climbing","value":"12"},{"label":"Crosstraining","value":"13"},{"label":"Post-workout","value":"14"},{"label":"Cycling","value":"15"},{"label":"Athletic","value":"16"},{"label":"Sports","value":"17"},{"label":"Hiking","value":"18"},{"label":"Overnight","value":"19"},{"label":"School","value":"20"},{"label":"Trail","value":"21"},{"label":"Travel","value":"22"},{"label":"Urban","value":"23"}],"is_user_defined":true,"default_frontend_label":"Activity","frontend_labels":null,"backend_type":"varchar","backend_model":"Magento\\Eav\\Model\\Entity\\Attribute\\Backend\\ArrayBackend","source_model":"Magento\\Eav\\Model\\Entity\\Attribute\\Source\\Table","default_value":"","is_unique":"0","validation_rules":[],"id":135,"tsk":1568837760474}}
{"_index":"vue_storefront_catalog_it_attribute","_type":"_doc","_id":"149","_score":1,"_source":{"is_wysiwyg_enabled":false,"is_html_allowed_on_front":true,"used_for_sort_by":false,"is_filterable":true,"is_filterable_in_search":false,"is_used_in_grid":false,"is_visible_in_grid":false,"is_filterable_in_grid":false,"position":0,"apply_to":[],"is_searchable":"0","is_visible_in_advanced_search":"0","is_comparable":"0","is_used_for_promo_rules":"1","is_visible_on_front":"1","used_in_product_listing":"0","is_visible":true,"scope":"global","attribute_id":149,"attribute_code":"style_bottom","frontend_input":"multiselect","entity_type_id":"4","is_required":false,"options":[{"label":" ","value":""},{"label":"Base Layer","value":"105"},{"label":"Basic","value":"106"},{"label":"Capri","value":"107"},{"label":"Compression","value":"108"},{"label":"Leggings","value":"109"},{"label":"Parachute","value":"110"},{"label":"Skort","value":"111"},{"label":"Snug","value":"112"},{"label":"Sweatpants","value":"113"},{"label":"Tights","value":"114"},{"label":"Track Pants","value":"115"},{"label":"Workout Pants","value":"116"}],"is_user_defined":true,"default_frontend_label":"Style Bottom","frontend_labels":null,"backend_type":"varchar","backend_model":"Magento\\Eav\\Model\\Entity\\Attribute\\Backend\\ArrayBackend","source_model":"Magento\\Eav\\Model\\Entity\\Attribute\\Source\\Table","default_value":"","is_unique":"0","validation_rules":[],"id":149,"tsk":1568837760474}}
{"_index":"vue_storefront_catalog_it_attribute","_type":"_doc","_id":"146","_score":1,"_source":{"is_wysiwyg_enabled":false,"is_html_allowed_on_front":true,"used_for_sort_by":false,"is_filterable":true,"is_filterable_in_search":false,"is_used_in_grid":false,"is_visible_in_grid":false,"is_filterable_in_grid":false,"position":0,"apply_to":[],"is_searchable":"0","is_visible_in_advanced_search":"0","is_comparable":"0","is_used_for_promo_rules":"1","is_visible_on_front":"0","used_in_product_listing":"0","is_visible":true,"scope":"global","attribute_id":146,"attribute_code":"new","frontend_input":"boolean","entity_type_id":"4","is_required":false,"options":[{"label":"Yes","value":"1"},{"label":"No","value":"0"}],"is_user_defined":true,"default_frontend_label":"New","frontend_labels":null,"backend_type":"int","source_model":"Magento\\Eav\\Model\\Entity\\Attribute\\Source\\Boolean","default_value":"","is_unique":"0","validation_rules":[],"id":146,"tsk":1568837760474}}
{"_index":"vue_storefront_catalog_it_attribute","_type":"_doc","_id":"145","_score":1,"_source":{"is_wysiwyg_enabled":false,"is_html_allowed_on_front":true,"used_for_sort_by":false,"is_filterable":true,"is_filterable_in_search":false,"is_used_in_grid":false,"is_visible_in_grid":false,"is_filterable_in_grid":false,"position":0,"apply_to":[],"is_searchable":"0","is_visible_in_advanced_search":"0","is_comparable":"0","is_used_for_promo_rules":"1","is_visible_on_front":"0","used_in_product_listing":"0","is_visible":true,"scope":"global","attribute_id":145,"attribute_code":"erin_recommends","frontend_input":"boolean","entity_type_id":"4","is_required":false,"options":[{"label":"Yes","value":"1"},{"label":"No","value":"0"}],"is_user_defined":true,"default_frontend_label":"Erin Recommends","frontend_labels":null,"backend_type":"int","source_model":"Magento\\Eav\\Model\\Entity\\Attribute\\Source\\Boolean","default_value":"","is_unique":"0","validation_rules":[],"id":145,"tsk":1568837760474}}
{"_index":"vue_storefront_catalog_it_attribute","_type":"_doc","_id":"147","_score":1,"_source":{"is_wysiwyg_enabled":false,"is_html_allowed_on_front":true,"used_for_sort_by":false,"is_filterable":true,"is_filterable_in_search":false,"is_used_in_grid":false,"is_visible_in_grid":false,"is_filterable_in_grid":false,"position":0,"apply_to":[],"is_searchable":"0","is_visible_in_advanced_search":"0","is_comparable":"0","is_used_for_promo_rules":"1","is_visible_on_front":"0","used_in_product_listing":"0","is_visible":true,"scope":"global","attribute_id":147,"attribute_code":"sale","frontend_input":"boolean","entity_type_id":"4","is_required":false,"options":[{"label":"Yes","value":"1"},{"label":"No","value":"0"}],"is_user_defined":true,"default_frontend_label":"Sale","frontend_labels":null,"backend_type":"int","source_model":"Magento\\Eav\\Model\\Entity\\Attribute\\Source\\Boolean","default_value":"","is_unique":"0","validation_rules":[],"id":147,"tsk":1568837760474}}
{"_index":"vue_storefront_catalog_it_attribute","_type":"_doc","_id":"122","_score":1,"_source":{"is_wysiwyg_enabled":false,"is_html_allowed_on_front":false,"used_for_sort_by":false,"is_filterable":false,"is_filterable_in_search":false,"is_used_in_grid":false,"is_visible_in_grid":false,"is_filterable_in_grid":false,"position":0,"apply_to":["simple","virtual","downloadable","bundle","configurable"],"is_searchable":"0","is_visible_in_advanced_search":"0","is_comparable":"0","is_used_for_promo_rules":"0","is_visible_on_front":"0","used_in_product_listing":"1","is_visible":true,"scope":"website","attribute_id":122,"attribute_code":"msrp_display_actual_price_type","frontend_input":"select","entity_type_id":"4","is_required":false,"options":[{"label":"Use config","value":"0"},{"label":"On Gesture","value":"1"},{"label":"In Cart","value":"2"},{"label":"Before Order Confirmation","value":"3"}],"is_user_defined":false,"default_frontend_label":"Display Actual Price","frontend_labels":null,"backend_type":"varchar","backend_model":"Magento\\Catalog\\Model\\Product\\Attribute\\Backend\\Boolean","source_model":"Magento\\Msrp\\Model\\Product\\Attribute\\Source\\Type\\Price","default_value":"0","is_unique":"0","validation_rules":[],"id":122,"tsk":1568837760474}}
{"_index":"vue_storefront_catalog_it_attribute","_type":"_doc","_id":"120","_score":1,"_source":{"is_wysiwyg_enabled":false,"is_html_allowed_on_front":false,"used_for_sort_by":false,"is_filterable":false,"is_filterable_in_search":false,"is_used_in_grid":false,"is_visible_in_grid":false,"is_filterable_in_grid":false,"position":0,"apply_to":[],"is_searchable":"0","is_visible_in_advanced_search":"0","is_comparable":"0","is_used_for_promo_rules":"0","is_visible_on_front":"0","used_in_product_listing":"0","is_visible":false,"scope":"store","attribute_id":120,"attribute_code":"url_path","frontend_input":"text","entity_type_id":"4","is_required":false,"options":[],"is_user_defined":false,"frontend_labels":null,"backend_type":"varchar","is_unique":"0","validation_rules":[],"id":120,"tsk":1568837760474}}
{"_index":"vue_storefront_catalog_it_attribute","_type":"_doc","_id":"93","_score":1,"_source":{"is_wysiwyg_enabled":false,"is_html_allowed_on_front":true,"used_for_sort_by":false,"is_filterable":true,"is_filterable_in_search":false,"is_used_in_grid":true,"is_visible_in_grid":false,"is_filterable_in_grid":true,"position":0,"apply_to":["simple","virtual","configurable"],"is_searchable":"0","is_visible_in_advanced_search":"0","is_comparable":"0","is_used_for_promo_rules":"1","is_visible_on_front":"0","used_in_product_listing":"1","is_visible":true,"scope":"global","attribute_id":93,"attribute_code":"color","frontend_input":"select","entity_type_id":"4","is_required":false,"options":[{"label":" ","value":""},{"label":"Black","value":"49"},{"label":"Blue","value":"50"},{"label":"Brown","value":"51"},{"label":"Gray","value":"52"},{"label":"Green","value":"53"},{"label":"Lavender","value":"54"},{"label":"Multi","value":"55"},{"label":"Orange","value":"56"},{"label":"Purple","value":"57"},{"label":"Red","value":"58"},{"label":"White","value":"59"},{"label":"Yellow","value":"60"}],"is_user_defined":true,"default_frontend_label":"Color","frontend_labels":null,"backend_type":"int","source_model":"Magento\\Eav\\Model\\Entity\\Attribute\\Source\\Table","default_value":"49","is_unique":"0","validation_rules":[],"id":93,"tsk":1568837760474}}
{"_index":"vue_storefront_catalog_it_attribute","_type":"_doc","_id":"73","_score":1,"_source":{"is_wysiwyg_enabled":false,"is_html_allowed_on_front":false,"used_for_sort_by":true,"is_filterable":false,"is_filterable_in_search":false,"is_used_in_grid":false,"is_visible_in_grid":false,"is_filterable_in_grid":false,"position":0,"apply_to":[],"is_searchable":"1","is_visible_in_advanced_search":"1","is_comparable":"0","is_used_for_promo_rules":"0","is_visible_on_front":"0","used_in_product_listing":"1","is_visible":true,"scope":"store","attribute_id":73,"attribute_code":"name","frontend_input":"text","entity_type_id":"4","is_required":true,"options":[],"is_user_defined":false,"default_frontend_label":"Product Name","frontend_labels":null,"backend_type":"varchar","is_unique":"0","frontend_class":"validate-length maximum-length-255","validation_rules":[],"id":73,"tsk":1568837760474}}
{"_index":"vue_storefront_catalog_it_attribute","_type":"_doc","_id":"110","_score":1,"_source":{"is_wysiwyg_enabled":false,"is_html_allowed_on_front":false,"used_for_sort_by":false,"is_filterable":false,"is_filterable_in_search":false,"is_used_in_grid":false,"is_visible_in_grid":false,"is_filterable_in_grid":false,"position":0,"apply_to":[],"is_searchable":"0","is_visible_in_advanced_search":"0","is_comparable":"0","is_used_for_promo_rules":"0","is_visible_on_front":"0","used_in_product_listing":"1","is_visible":false,"scope":"store","attribute_id":110,"attribute_code":"small_image_label","frontend_input":"text","entity_type_id":"4","is_required":false,"options":[],"is_user_defined":false,"default_frontend_label":"Small Image Label","frontend_labels":null,"backend_type":"varchar","is_unique":"0","validation_rules":[],"id":110,"tsk":1568837760474}}
{"_index":"vue_storefront_catalog_it_attribute","_type":"_doc","_id":"126","_score":1,"_source":{"is_wysiwyg_enabled":false,"is_html_allowed_on_front":false,"used_for_sort_by":false,"is_filterable":false,"is_filterable_in_search":false,"is_used_in_grid":false,"is_visible_in_grid":false,"is_filterable_in_grid":false,"position":0,"apply_to":["bundle"],"is_searchable":"0","is_visible_in_advanced_search":"0","is_comparable":"0","is_used_for_promo_rules":"0","is_visible_on_front":"0","used_in_product_listing":"1","is_visible":true,"scope":"global","attribute_id":126,"attribute_code":"price_view","frontend_input":"select","entity_type_id":"4","is_required":true,"options":[{"label":"Price Range","value":"0"},{"label":"As Low as","value":"1"}],"is_user_defined":false,"default_frontend_label":"Price View","frontend_labels":null,"backend_type":"int","source_model":"Magento\\Bundle\\Model\\Product\\Attribute\\Source\\Price\\View","is_unique":"0","validation_rules":[],"id":126,"tsk":1568837760474}}
{"_index":"vue_storefront_catalog_it_attribute","_type":"_doc","_id":"137","_score":1,"_source":{"is_wysiwyg_enabled":false,"is_html_allowed_on_front":true,"used_for_sort_by":false,"is_filterable":true,"is_filterable_in_search":false,"is_used_in_grid":false,"is_visible_in_grid":false,"is_filterable_in_grid":false,"position":0,"apply_to":[],"is_searchable":"0","is_visible_in_advanced_search":"0","is_comparable":"0","is_used_for_promo_rules":"1","is_visible_on_front":"1","used_in_product_listing":"0","is_visible":true,"scope":"global","attribute_id":137,"attribute_code":"material","frontend_input":"multiselect","entity_type_id":"4","is_required":false,"options":[{"label":" ","value":""},{"label":"Burlap","value":"31"},{"label":"Cocona&reg; performance fabric","value":"143"},{"label":"Canvas","value":"32"},{"label":"Wool","value":"144"},{"label":"Cotton","value":"33"},{"label":"Fleece","value":"145"},{"label":"Faux Leather","value":"34"},{"label":"Hemp","value":"146"},{"label":"Jersey","value":"147"},{"label":"Leather","value":"35"},{"label":"LumaTech&trade;","value":"148"},{"label":"Mesh","value":"36"},{"label":"Lycra&reg;","value":"149"},{"label":"Nylon","value":"37"},{"label":"Microfiber","value":"150"},{"label":"Polyester","value":"38"},{"label":"Rayon","value":"39"},{"label":"Spandex","value":"151"},{"label":"HeatTec&reg;","value":"152"},{"label":"Ripstop","value":"40"},{"label":"EverCool&trade;","value":"153"},{"label":"Suede","value":"41"},{"label":"Foam","value":"42"},{"label":"Organic Cotton","value":"154"},{"label":"Metal","value":"43"},{"label":"TENCEL","value":"155"},{"label":"CoolTech&trade;","value":"156"},{"label":"Plastic","value":"44"},{"label":"Khaki","value":"157"},{"label":"Rubber","value":"45"},{"label":"Linen","value":"158"},{"label":"Synthetic","value":"46"},{"label":"Stainless Steel","value":"47"},{"label":"Wool","value":"159"},{"label":"Silicone","value":"48"},{"label":"Terry","value":"160"}],"is_user_defined":true,"default_frontend_label":"Material","frontend_labels":null,"backend_type":"varchar","backend_model":"Magento\\Eav\\Model\\Entity\\Attribute\\Backend\\ArrayBackend","source_model":"Magento\\Eav\\Model\\Entity\\Attribute\\Source\\Table","default_value":"","is_unique":"0","validation_rules":[],"id":137,"tsk":1568837760474}}
{"_index":"vue_storefront_catalog_it_attribute","_type":"_doc","_id":"104","_score":1,"_source":{"is_wysiwyg_enabled":false,"is_html_allowed_on_front":false,"used_for_sort_by":false,"is_filterable":false,"is_filterable_in_search":false,"is_used_in_grid":true,"is_visible_in_grid":false,"is_filterable_in_grid":false,"position":0,"apply_to":[],"is_searchable":"0","is_visible_in_advanced_search":"0","is_comparable":"0","is_used_for_promo_rules":"0","is_visible_on_front":"0","used_in_product_listing":"0","is_visible":true,"scope":"store","attribute_id":104,"attribute_code":"page_layout","frontend_input":"select","entity_type_id":"4","is_required":false,"options":[{"label":"No layout updates","value":""},{"label":"Empty","value":"empty"},{"label":"1 column","value":"1column"},{"label":"2 columns with left bar","value":"2columns-left"},{"label":"2 columns with right bar","value":"2columns-right"},{"label":"3 columns","value":"3columns"}],"is_user_defined":false,"default_frontend_label":"Layout","frontend_labels":null,"backend_type":"varchar","source_model":"Magento\\Catalog\\Model\\Product\\Attribute\\Source\\Layout","is_unique":"0","validation_rules":[],"id":104,"tsk":1568837760474}}
{"_index":"vue_storefront_catalog_it_attribute","_type":"_doc","_id":"75","_score":1,"_source":{"is_wysiwyg_enabled":true,"is_html_allowed_on_front":true,"used_for_sort_by":false,"is_filterable":false,"is_filterable_in_search":false,"is_used_in_grid":false,"is_visible_in_grid":false,"is_filterable_in_grid":false,"position":0,"apply_to":[],"is_searchable":"1","is_visible_in_advanced_search":"1","is_comparable":"1","is_used_for_promo_rules":"0","is_visible_on_front":"0","used_in_product_listing":"0","is_visible":true,"scope":"store","attribute_id":75,"attribute_code":"description","frontend_input":"textarea","entity_type_id":"4","is_required":false,"options":[],"is_user_defined":false,"default_frontend_label":"Description","frontend_labels":null,"backend_type":"text","is_unique":"0","validation_rules":[],"id":75,"tsk":1568837760474}}
{"_index":"vue_storefront_catalog_it_attribute","_type":"_doc","_id":"131","_score":1,"_source":{"is_wysiwyg_enabled":false,"is_html_allowed_on_front":false,"used_for_sort_by":false,"is_filterable":false,"is_filterable_in_search":false,"is_used_in_grid":false,"is_visible_in_grid":false,"is_filterable_in_grid":false,"position":0,"apply_to":["downloadable"],"is_searchable":"0","is_visible_in_advanced_search":"0","is_comparable":"0","is_used_for_promo_rules":"0","is_visible_on_front":"0","used_in_product_listing":"1","is_visible":false,"scope":"global","attribute_id":131,"attribute_code":"links_exist","frontend_input":null,"entity_type_id":"4","is_required":false,"options":[],"is_user_defined":false,"frontend_labels":null,"backend_type":"int","default_value":"0","is_unique":"0","validation_rules":[],"id":131,"tsk":1568837760474}}
{"_index":"vue_storefront_catalog_it_attribute","_type":"_doc","_id":"103","_score":1,"_source":{"is_wysiwyg_enabled":false,"is_html_allowed_on_front":false,"used_for_sort_by":false,"is_filterable":false,"is_filterable_in_search":false,"is_used_in_grid":false,"is_visible_in_grid":false,"is_filterable_in_grid":false,"position":0,"apply_to":[],"is_searchable":"0","is_visible_in_advanced_search":"0","is_comparable":"0","is_used_for_promo_rules":"0","is_visible_on_front":"0","used_in_product_listing":"0","is_visible":true,"scope":"store","attribute_id":103,"attribute_code":"custom_layout_update","frontend_input":"textarea","entity_type_id":"4","is_required":false,"options":[],"is_user_defined":false,"default_frontend_label":"Layout Update XML","frontend_labels":null,"backend_type":"text","backend_model":"Magento\\Catalog\\Model\\Attribute\\Backend\\Customlayoutupdate","is_unique":"0","validation_rules":[],"id":103,"tsk":1568837760474}}
{"_index":"vue_storefront_catalog_it_attribute","_type":"_doc","_id":"102","_score":1,"_source":{"is_wysiwyg_enabled":false,"is_html_allowed_on_front":false,"used_for_sort_by":false,"is_filterable":false,"is_filterable_in_search":false,"is_used_in_grid":true,"is_visible_in_grid":false,"is_filterable_in_grid":false,"position":0,"apply_to":[],"is_searchable":"0","is_visible_in_advanced_search":"0","is_comparable":"0","is_used_for_promo_rules":"0","is_visible_on_front":"0","used_in_product_listing":"0","is_visible":true,"scope":"store","attribute_id":102,"attribute_code":"custom_design_to","frontend_input":"date","entity_type_id":"4","is_required":false,"options":[],"is_user_defined":false,"default_frontend_label":"Active To","frontend_labels":null,"backend_type":"datetime","backend_model":"Magento\\Eav\\Model\\Entity\\Attribute\\Backend\\Datetime","is_unique":"0","validation_rules":[],"id":102,"tsk":1568837760474}}
{"_index":"vue_storefront_catalog_it_attribute","_type":"_doc","_id":"136","_score":1,"_source":{"is_wysiwyg_enabled":false,"is_html_allowed_on_front":true,"used_for_sort_by":false,"is_filterable":true,"is_filterable_in_search":false,"is_used_in_grid":false,"is_visible_in_grid":false,"is_filterable_in_grid":false,"position":0,"apply_to":[],"is_searchable":"0","is_visible_in_advanced_search":"0","is_comparable":"0","is_used_for_promo_rules":"1","is_visible_on_front":"1","used_in_product_listing":"0","is_visible":true,"scope":"global","attribute_id":136,"attribute_code":"style_bags","frontend_input":"multiselect","entity_type_id":"4","is_required":false,"options":[{"label":" ","value":""},{"label":"Backpack","value":"24"},{"label":"Luggage","value":"25"},{"label":"Duffel","value":"26"},{"label":"Messenger","value":"27"},{"label":"Laptop","value":"28"},{"label":"Exercise","value":"29"},{"label":"Tote","value":"30"}],"is_user_defined":true,"default_frontend_label":"Style Bags","frontend_labels":null,"backend_type":"varchar","backend_model":"Magento\\Eav\\Model\\Entity\\Attribute\\Backend\\ArrayBackend","source_model":"Magento\\Eav\\Model\\Entity\\Attribute\\Source\\Table","default_value":"","is_unique":"0","validation_rules":[],"id":136,"tsk":1568837760474}}
{"_index":"vue_storefront_catalog_it_attribute","_type":"_doc","_id":"87","_score":1,"_source":{"is_wysiwyg_enabled":false,"is_html_allowed_on_front":false,"used_for_sort_by":false,"is_filterable":false,"is_filterable_in_search":false,"is_used_in_grid":false,"is_visible_in_grid":false,"is_filterable_in_grid":false,"position":0,"apply_to":[],"is_searchable":"0","is_visible_in_advanced_search":"0","is_comparable":"0","is_used_for_promo_rules":"0","is_visible_on_front":"0","used_in_product_listing":"1","is_visible":true,"scope":"store","attribute_id":87,"attribute_code":"image","frontend_input":"media_image","entity_type_id":"4","is_required":false,"options":[],"is_user_defined":false,"default_frontend_label":"Base","frontend_labels":null,"backend_type":"varchar","is_unique":"0","validation_rules":[],"id":87,"tsk":1568837760474}}
{"_index":"vue_storefront_catalog_it_attribute","_type":"_doc","_id":"80","_score":1,"_source":{"is_wysiwyg_enabled":false,"is_html_allowed_on_front":false,"used_for_sort_by":false,"is_filterable":false,"is_filterable_in_search":false,"is_used_in_grid":true,"is_visible_in_grid":false,"is_filterable_in_grid":false,"position":0,"apply_to":["simple","virtual","bundle","downloadable","configurable"],"is_searchable":"0","is_visible_in_advanced_search":"0","is_comparable":"0","is_used_for_promo_rules":"0","is_visible_on_front":"0","used_in_product_listing":"1","is_visible":true,"scope":"website","attribute_id":80,"attribute_code":"special_to_date","frontend_input":"date","entity_type_id":"4","is_required":false,"options":[],"is_user_defined":false,"default_frontend_label":"Special Price To Date","frontend_labels":null,"backend_type":"datetime","backend_model":"Magento\\Eav\\Model\\Entity\\Attribute\\Backend\\Datetime","is_unique":"0","validation_rules":[],"id":80,"tsk":1568837760474}}
