{"_index":"vue_storefront_catalog_category_1568838132","_type":"_doc","_id":"38","_score":1,"_source":{"id":38,"parent_id":2,"name":"What's New","is_active":true,"position":1,"level":2,"product_count":0,"children_data":[],"children":"","created_at":"2017-11-06 12:17:48","updated_at":"2018-05-27 14:05:17","path":"1/2/38","available_sort_by":[],"include_in_menu":true,"display_mode":"PAGE","is_anchor":"0","children_count":"0","url_key":"whats-new-38","url_path":"what-is-new/whats-new-38","slug":"whats-new-38","tsk":1568838045024}}
{"_index":"vue_storefront_catalog_category_1568838132","_type":"_doc","_id":"37","_score":1,"_source":{"id":37,"parent_id":2,"name":"Sale","is_active":true,"position":6,"level":2,"product_count":0,"children_data":[],"children":"","created_at":"2017-11-06 12:17:48","updated_at":"2018-05-27 14:04:10","path":"1/2/37","available_sort_by":[],"include_in_menu":true,"display_mode":"PAGE","is_anchor":"0","children_count":"0","url_key":"sale-37","url_path":"sale/sale-37","slug":"sale-37","tsk":1568838045024}}
{"_index":"vue_storefront_catalog_category_1568838132","_type":"_doc","_id":"3","_score":1,"_source":{"id":3,"parent_id":2,"name":"Gear","is_active":true,"position":4,"level":2,"product_count":46,"children_data":[{"is_anchor":"1","is_active":true,"level":3,"product_count":14,"children_count":"0","created_at":"2017-11-06 12:16:20","url_key":"bags-4","path":"1/2/3/4","updated_at":"2017-11-06 12:16:20","children":"","parent_id":3,"available_sort_by":[],"name":"Bags","id":4,"position":1,"include_in_menu":true,"slug":"bags-4","children_data":[],"url_path":"gear/bags/bags-4"},{"is_anchor":"1","is_active":true,"level":3,"product_count":23,"children_count":"0","created_at":"2017-11-06 12:16:20","url_key":"fitness-equipment-5","path":"1/2/3/5","updated_at":"2017-11-06 12:16:20","children":"","parent_id":3,"available_sort_by":[],"name":"Fitness Equipment","id":5,"position":2,"include_in_menu":true,"slug":"fitness-equipment-5","children_data":[],"url_path":"gear/fitness-equipment/fitness-equipment-5"},{"is_anchor":"1","is_active":true,"level":3,"product_count":9,"children_count":"0","created_at":"2017-11-06 12:16:20","url_key":"watches-6","path":"1/2/3/6","updated_at":"2017-11-06 12:16:20","children":"","parent_id":3,"available_sort_by":[],"name":"Watches","id":6,"position":3,"include_in_menu":true,"slug":"watches-6","children_data":[],"url_path":"gear/watches/watches-6"}],"children":"4,5,6","created_at":"2017-11-06 12:16:19","updated_at":"2018-05-27 14:06:53","path":"1/2/3","available_sort_by":[],"include_in_menu":true,"display_mode":"PAGE","is_anchor":"0","custom_layout_update":"<referenceContainer name=\"catalog.leftnav\" remove=\"true\"/>","children_count":"3","url_key":"gear-3","url_path":"gear/gear-3","slug":"gear-3","tsk":1568838045024}}
{"_index":"vue_storefront_catalog_category_1568838132","_type":"_doc","_id":"20","_score":1,"_source":{"id":20,"parent_id":2,"name":"Women","is_active":true,"position":2,"level":2,"product_count":0,"children_data":[{"is_anchor":"1","is_active":true,"meta_title":"Women Tops","display_mode":"PRODUCTS","level":3,"product_count":0,"children_count":"4","created_at":"2017-11-06 12:16:41","custom_apply_to_products":"0","url_key":"tops-21","path":"1/2/20/21","meta_description":"Best women tops on vuestorefront.","updated_at":"2019-01-03 10:35:27","children":"23,24,25,26","parent_id":20,"available_sort_by":[],"name":"Tops","id":21,"position":1,"custom_use_parent_settings":"0","include_in_menu":true,"slug":"tops-21","children_data":[{"is_anchor":"1","is_active":true,"level":4,"product_count":186,"children_count":"0","created_at":"2017-11-06 12:16:41","url_key":"jackets-23","path":"1/2/20/21/23","updated_at":"2017-11-06 12:16:41","children":"","parent_id":21,"available_sort_by":[],"name":"Jackets","id":23,"position":1,"include_in_menu":true,"slug":"jackets-23","children_data":[],"url_path":"women/tops-women/jackets-women/jackets-23"},{"is_anchor":"1","is_active":true,"level":4,"product_count":182,"children_count":"0","created_at":"2017-11-06 12:16:41","url_key":"hoodies-and-sweatshirts-24","path":"1/2/20/21/24","updated_at":"2017-11-06 12:16:41","children":"","parent_id":21,"available_sort_by":[],"name":"Hoodies & Sweatshirts","id":24,"position":2,"include_in_menu":true,"slug":"hoodies-and-sweatshirts-24","children_data":[],"url_path":"women/tops-women/hoodies-and-sweatshirts-women/hoodies-and-sweatshirts-24"},{"is_anchor":"1","is_active":true,"level":4,"product_count":192,"children_count":"0","created_at":"2017-11-06 12:16:41","url_key":"tees-25","path":"1/2/20/21/25","updated_at":"2017-11-06 12:16:41","children":"","parent_id":21,"available_sort_by":[],"name":"Tees","id":25,"position":3,"include_in_menu":true,"slug":"tees-25","children_data":[],"url_path":"women/tops-women/tees-women/tees-25"},{"is_anchor":"1","is_active":true,"level":4,"product_count":224,"children_count":"0","created_at":"2017-11-06 12:16:41","url_key":"bras-and-tanks-26","path":"1/2/20/21/26","updated_at":"2017-11-06 12:16:41","children":"","parent_id":21,"available_sort_by":[],"name":"Bras & Tanks","id":26,"position":4,"include_in_menu":true,"slug":"bras-and-tanks-26","children_data":[],"url_path":"women/tops-women/tanks-women/bras-and-tanks-26"}],"url_path":"women/tops-women/tops-21"},{"is_anchor":"1","is_active":true,"level":3,"product_count":0,"children_count":"2","created_at":"2017-11-06 12:16:41","url_key":"bottoms-22","path":"1/2/20/22","updated_at":"2017-11-06 12:16:41","children":"27,28","parent_id":20,"available_sort_by":[],"name":"Bottoms","id":22,"position":2,"include_in_menu":true,"slug":"bottoms-22","children_data":[{"is_anchor":"1","is_active":true,"level":4,"product_count":91,"children_count":"0","created_at":"2017-11-06 12:16:41","url_key":"pants-27","path":"1/2/20/22/27","updated_at":"2017-11-06 12:16:41","children":"","parent_id":22,"available_sort_by":[],"name":"Pants","id":27,"position":1,"include_in_menu":true,"slug":"pants-27","children_data":[],"url_path":"women/bottoms-women/pants-women/pants-27"},{"is_anchor":"1","is_active":true,"level":4,"product_count":137,"children_count":"0","created_at":"2017-11-06 12:16:41","url_key":"shorts-28","path":"1/2/20/22/28","updated_at":"2017-11-06 12:16:41","children":"","parent_id":22,"available_sort_by":[],"name":"Shorts","id":28,"position":2,"include_in_menu":true,"slug":"shorts-28","children_data":[],"url_path":"women/bottoms-women/shorts-women/shorts-28"}],"url_path":"women/bottoms-women/bottoms-22"}],"children":"21,22","created_at":"2017-11-06 12:16:40","updated_at":"2019-04-17 11:08:58","path":"1/2/20","available_sort_by":[],"include_in_menu":true,"description":"<p><span>Lorem ipsum dolor sit amet, consectetur adipiscing elit. Vestibulum dui sapien, bibendum ac luctus sed, lobortis id lacus. Nulla nisi augue, accumsan id sapien maximus, hendrerit vehicula elit.</span></p>","meta_title":"Women Sale","meta_description":"Fit your style with vuestorefront","display_mode":"PAGE","is_anchor":"0","custom_layout_update":"<referenceContainer name=\"catalog.leftnav\" remove=\"true\"/>","children_count":"8","custom_use_parent_settings":"0","custom_apply_to_products":"0","url_key":"women-20","url_path":"women/women-20","slug":"women-20","tsk":1568838045024}}
{"_index":"vue_storefront_catalog_category_1568838132","_type":"_doc","_id":"9","_score":1,"_source":{"id":9,"parent_id":2,"name":"Training","is_active":true,"position":5,"level":2,"product_count":6,"children_data":[{"is_anchor":"1","is_active":true,"level":3,"product_count":6,"children_count":"0","created_at":"2017-11-06 12:16:31","url_key":"video-download-10","path":"1/2/9/10","updated_at":"2017-11-06 12:16:31","children":"","parent_id":9,"available_sort_by":[],"name":"Video Download","id":10,"position":1,"include_in_menu":true,"slug":"video-download-10","children_data":[],"url_path":"training/training-video/video-download-10"}],"children":"10","created_at":"2017-11-06 12:16:31","updated_at":"2018-05-27 14:04:30","path":"1/2/9","available_sort_by":[],"include_in_menu":true,"display_mode":"PAGE","is_anchor":"0","custom_layout_update":"<referenceContainer name=\"catalog.leftnav\" remove=\"true\"/>","children_count":"1","url_key":"training-9","url_path":"training/training-9","slug":"training-9","tsk":1568838045024}}
{"_index":"vue_storefront_catalog_category_1568838132","_type":"_doc","_id":"7","_score":1,"_source":{"id":7,"parent_id":2,"name":"Collections","is_active":false,"position":5,"level":2,"product_count":13,"children_data":[{"is_anchor":"1","is_active":true,"level":3,"product_count":347,"children_count":"0","created_at":"2017-11-06 12:16:20","url_key":"new-luma-yoga-collection-8","path":"1/2/7/8","updated_at":"2017-11-06 12:16:20","children":"","parent_id":7,"available_sort_by":[],"name":"New Luma Yoga Collection","id":8,"position":1,"include_in_menu":false,"slug":"new-luma-yoga-collection-8","children_data":[],"url_path":"collections/yoga-new/new-luma-yoga-collection-8"},{"is_anchor":"1","is_active":true,"level":3,"product_count":279,"children_count":"0","created_at":"2017-11-06 12:16:42","url_key":"erin-recommends-34","path":"1/2/7/34","updated_at":"2017-11-06 12:16:42","children":"","parent_id":7,"available_sort_by":[],"name":"Erin Recommends","id":34,"position":2,"include_in_menu":false,"slug":"erin-recommends-34","children_data":[],"url_path":"collections/erin-recommends/erin-recommends-34"},{"is_anchor":"1","is_active":true,"level":3,"product_count":310,"children_count":"0","created_at":"2017-11-06 12:16:42","url_key":"performance-fabrics-35","path":"1/2/7/35","updated_at":"2017-11-06 12:16:42","children":"","parent_id":7,"available_sort_by":[],"name":"Performance Fabrics","id":35,"position":3,"include_in_menu":false,"slug":"performance-fabrics-35","children_data":[],"url_path":"collections/performance-fabrics/performance-fabrics-35"},{"is_anchor":"1","is_active":true,"level":3,"product_count":247,"children_count":"0","created_at":"2017-11-06 12:16:42","url_key":"eco-friendly-36","path":"1/2/7/36","updated_at":"2017-11-06 12:16:42","children":"","parent_id":7,"available_sort_by":[],"name":"Eco Friendly","id":36,"position":4,"include_in_menu":false,"slug":"eco-friendly-36","children_data":[],"url_path":"collections/eco-friendly/eco-friendly-36"},{"is_anchor":"0","is_active":true,"display_mode":"PAGE","level":3,"product_count":0,"children_count":"0","created_at":"2017-11-06 12:17:48","url_key":"performance-sportswear-new-39","path":"1/2/7/39","updated_at":"2017-11-06 12:17:48","children":"","parent_id":7,"page_layout":"1column","available_sort_by":[],"name":"Performance Sportswear New","id":39,"position":5,"include_in_menu":false,"slug":"performance-sportswear-new-39","children_data":[],"url_path":"collections/performance-new/performance-sportswear-new-39"},{"is_anchor":"0","is_active":true,"display_mode":"PAGE","level":3,"product_count":0,"children_count":"0","created_at":"2017-11-06 12:17:48","url_key":"eco-collection-new-40","path":"1/2/7/40","updated_at":"2017-11-06 12:17:48","children":"","parent_id":7,"page_layout":"1column","available_sort_by":[],"name":"Eco Collection New","id":40,"position":6,"include_in_menu":false,"slug":"eco-collection-new-40","children_data":[],"url_path":"collections/eco-new/eco-collection-new-40"}],"children":"34,35,36,39,40,8","created_at":"2017-11-06 12:16:20","updated_at":"2017-11-06 12:17:48","path":"1/2/7","available_sort_by":[],"include_in_menu":false,"display_mode":"PAGE","is_anchor":"0","children_count":"6","url_key":"collections-7","url_path":"collections/collections-7","slug":"collections-7","tsk":1568838045024}}
{"_index":"vue_storefront_catalog_category_1568838132","_type":"_doc","_id":"29","_score":1,"_source":{"id":29,"parent_id":2,"name":"Promotions","is_active":false,"position":6,"level":2,"product_count":0,"children_data":[{"is_anchor":"1","is_active":true,"level":3,"product_count":224,"children_count":"0","created_at":"2017-11-06 12:16:41","url_key":"women-sale-30","path":"1/2/29/30","updated_at":"2017-11-06 12:16:41","children":"","parent_id":29,"available_sort_by":[],"name":"Women Sale","id":30,"position":1,"include_in_menu":false,"slug":"women-sale-30","children_data":[],"url_path":"promotions/women-sale/women-sale-30"},{"is_anchor":"1","is_active":true,"level":3,"product_count":39,"children_count":"0","created_at":"2017-11-06 12:16:41","url_key":"men-sale-31","path":"1/2/29/31","updated_at":"2017-11-06 12:16:41","children":"","parent_id":29,"available_sort_by":[],"name":"Men Sale","id":31,"position":2,"include_in_menu":false,"slug":"men-sale-31","children_data":[],"url_path":"promotions/men-sale/men-sale-31"},{"is_anchor":"1","is_active":true,"level":3,"product_count":247,"children_count":"0","created_at":"2017-11-06 12:16:42","url_key":"pants-32","path":"1/2/29/32","updated_at":"2017-11-06 12:16:42","children":"","parent_id":29,"available_sort_by":[],"name":"Pants","id":32,"position":3,"include_in_menu":false,"slug":"pants-32","children_data":[],"url_path":"promotions/pants-all/pants-32"},{"is_anchor":"1","is_active":true,"level":3,"product_count":192,"children_count":"0","created_at":"2017-11-06 12:16:42","url_key":"tees-33","path":"1/2/29/33","updated_at":"2017-11-06 12:16:42","children":"","parent_id":29,"available_sort_by":[],"name":"Tees","id":33,"position":4,"include_in_menu":false,"slug":"tees-33","children_data":[],"url_path":"promotions/tees-all/tees-33"}],"children":"30,31,32,33","created_at":"2017-11-06 12:16:41","updated_at":"2017-11-06 12:16:42","path":"1/2/29","available_sort_by":[],"include_in_menu":false,"display_mode":"PAGE","is_anchor":"0","children_count":"4","url_key":"promotions-29","url_path":"promotions/promotions-29","slug":"promotions-29","tsk":1568838045024}}
{"_index":"vue_storefront_catalog_category_1568838132","_type":"_doc","_id":"11","_score":1,"_source":{"id":11,"parent_id":2,"name":"Men","is_active":true,"position":3,"level":2,"product_count":0,"children_data":[{"is_anchor":"1","is_active":true,"level":3,"product_count":0,"children_count":"4","created_at":"2017-11-06 12:16:40","url_key":"tops-12","path":"1/2/11/12","updated_at":"2017-11-06 12:16:40","children":"14,15,16,17","parent_id":11,"available_sort_by":[],"name":"Tops","id":12,"position":1,"include_in_menu":true,"slug":"tops-12","children_data":[{"is_anchor":"1","is_active":true,"display_mode":"PRODUCTS","level":4,"product_count":176,"children_count":"0","created_at":"2017-11-06 12:16:40","description":"<p>Lorem ipsum dolor sit amet, consectetur adipiscing elit. Vestibulum dui sapien, bibendum ac luctus sed, lobortis id lacus. Nulla nisi augue, accumsan id sapien maximus, hendrerit vehicula elit.</p>","custom_apply_to_products":"0","url_key":"jackets-14","path":"1/2/11/12/14","updated_at":"2019-04-17 11:10:23","children":"","parent_id":12,"available_sort_by":[],"name":"Jackets","id":14,"position":1,"custom_use_parent_settings":"0","include_in_menu":true,"slug":"jackets-14","children_data":[],"url_path":"men/tops-men/jackets-men/jackets-14"},{"is_anchor":"1","is_active":true,"level":4,"product_count":208,"children_count":"0","created_at":"2017-11-06 12:16:40","url_key":"hoodies-and-sweatshirts-15","path":"1/2/11/12/15","updated_at":"2017-11-06 12:16:40","children":"","parent_id":12,"available_sort_by":[],"name":"Hoodies & Sweatshirts","id":15,"position":2,"include_in_menu":true,"slug":"hoodies-and-sweatshirts-15","children_data":[],"url_path":"men/tops-men/hoodies-and-sweatshirts-men/hoodies-and-sweatshirts-15"},{"is_anchor":"1","is_active":true,"level":4,"product_count":192,"children_count":"0","created_at":"2017-11-06 12:16:40","url_key":"tees-16","path":"1/2/11/12/16","updated_at":"2017-11-06 12:16:40","children":"","parent_id":12,"available_sort_by":[],"name":"Tees","id":16,"position":3,"include_in_menu":true,"slug":"tees-16","children_data":[],"url_path":"men/tops-men/tees-men/tees-16"},{"is_anchor":"1","is_active":true,"level":4,"product_count":102,"children_count":"0","created_at":"2017-11-06 12:16:40","url_key":"tanks-17","path":"1/2/11/12/17","updated_at":"2017-11-06 12:16:40","children":"","parent_id":12,"available_sort_by":[],"name":"Tanks","id":17,"position":4,"include_in_menu":true,"slug":"tanks-17","children_data":[],"url_path":"men/tops-men/tanks-men/tanks-17"}],"url_path":"men/tops-men/tops-12"},{"is_anchor":"1","is_active":true,"level":3,"product_count":0,"children_count":"2","created_at":"2017-11-06 12:16:40","url_key":"bottoms-13","path":"1/2/11/13","updated_at":"2017-11-06 12:16:40","children":"18,19","parent_id":11,"available_sort_by":[],"name":"Bottoms","id":13,"position":2,"include_in_menu":true,"slug":"bottoms-13","children_data":[{"is_anchor":"1","is_active":true,"level":4,"product_count":156,"children_count":"0","created_at":"2017-11-06 12:16:40","url_key":"pants-18","path":"1/2/11/13/18","updated_at":"2017-11-06 12:16:40","children":"","parent_id":13,"available_sort_by":[],"name":"Pants","id":18,"position":1,"include_in_menu":true,"slug":"pants-18","children_data":[],"url_path":"men/bottoms-men/pants-men/pants-18"},{"is_anchor":"1","is_active":true,"level":4,"product_count":148,"children_count":"0","created_at":"2017-11-06 12:16:40","url_key":"shorts-19","path":"1/2/11/13/19","updated_at":"2017-11-06 12:16:40","children":"","parent_id":13,"available_sort_by":[],"name":"Shorts","id":19,"position":2,"include_in_menu":true,"slug":"shorts-19","children_data":[],"url_path":"men/bottoms-men/shorts-men/shorts-19"}],"url_path":"men/bottoms-men/bottoms-13"}],"children":"12,13","created_at":"2017-11-06 12:16:39","updated_at":"2018-05-27 14:06:07","path":"1/2/11","available_sort_by":[],"include_in_menu":true,"display_mode":"PAGE","is_anchor":"0","custom_layout_update":"<referenceContainer name=\"catalog.leftnav\" remove=\"true\"/>","children_count":"8","url_key":"men-11","url_path":"men/men-11","slug":"men-11","tsk":1568838045024}}
{"_index":"vue_storefront_catalog_category_1568838132","_type":"_doc","_id":"4","_score":1,"_source":{"id":4,"parent_id":3,"name":"Bags","is_active":true,"position":1,"level":3,"product_count":14,"children_data":[],"children":"","created_at":"2017-11-06 12:16:20","updated_at":"2017-11-06 12:16:20","path":"1/2/3/4","available_sort_by":[],"include_in_menu":true,"is_anchor":"1","children_count":"0","url_key":"bags-4","url_path":"gear/bags/bags-4","slug":"bags-4","tsk":1568838045024}}
{"_index":"vue_storefront_catalog_category_1568838132","_type":"_doc","_id":"6","_score":1,"_source":{"id":6,"parent_id":3,"name":"Watches","is_active":true,"position":3,"level":3,"product_count":9,"children_data":[],"children":"","created_at":"2017-11-06 12:16:20","updated_at":"2017-11-06 12:16:20","path":"1/2/3/6","available_sort_by":[],"include_in_menu":true,"is_anchor":"1","children_count":"0","url_key":"watches-6","url_path":"gear/watches/watches-6","slug":"watches-6","tsk":1568838045024}}
{"_index":"vue_storefront_catalog_category_1568838132","_type":"_doc","_id":"5","_score":1,"_source":{"id":5,"parent_id":3,"name":"Fitness Equipment","is_active":true,"position":2,"level":3,"product_count":23,"children_data":[],"children":"","created_at":"2017-11-06 12:16:20","updated_at":"2017-11-06 12:16:20","path":"1/2/3/5","available_sort_by":[],"include_in_menu":true,"is_anchor":"1","children_count":"0","url_key":"fitness-equipment-5","url_path":"gear/fitness-equipment/fitness-equipment-5","slug":"fitness-equipment-5","tsk":1568838045024}}
{"_index":"vue_storefront_catalog_category_1568838132","_type":"_doc","_id":"10","_score":1,"_source":{"id":10,"parent_id":9,"name":"Video Download","is_active":true,"position":1,"level":3,"product_count":6,"children_data":[],"children":"","created_at":"2017-11-06 12:16:31","updated_at":"2017-11-06 12:16:31","path":"1/2/9/10","available_sort_by":[],"include_in_menu":true,"is_anchor":"1","children_count":"0","url_key":"video-download-10","url_path":"training/training-video/video-download-10","slug":"video-download-10","tsk":1568838045024}}
{"_index":"vue_storefront_catalog_category_1568838132","_type":"_doc","_id":"30","_score":1,"_source":{"id":30,"parent_id":29,"name":"Women Sale","is_active":true,"position":1,"level":3,"product_count":224,"children_data":[],"children":"","created_at":"2017-11-06 12:16:41","updated_at":"2017-11-06 12:16:41","path":"1/2/29/30","available_sort_by":[],"include_in_menu":false,"is_anchor":"1","children_count":"0","url_key":"women-sale-30","url_path":"promotions/women-sale/women-sale-30","slug":"women-sale-30","tsk":1568838045024}}
{"_index":"vue_storefront_catalog_category_1568838132","_type":"_doc","_id":"31","_score":1,"_source":{"id":31,"parent_id":29,"name":"Men Sale","is_active":true,"position":2,"level":3,"product_count":39,"children_data":[],"children":"","created_at":"2017-11-06 12:16:41","updated_at":"2017-11-06 12:16:41","path":"1/2/29/31","available_sort_by":[],"include_in_menu":false,"is_anchor":"1","children_count":"0","url_key":"men-sale-31","url_path":"promotions/men-sale/men-sale-31","slug":"men-sale-31","tsk":1568838045024}}
{"_index":"vue_storefront_catalog_category_1568838132","_type":"_doc","_id":"35","_score":1,"_source":{"id":35,"parent_id":7,"name":"Performance Fabrics","is_active":true,"position":3,"level":3,"product_count":310,"children_data":[],"children":"","created_at":"2017-11-06 12:16:42","updated_at":"2017-11-06 12:16:42","path":"1/2/7/35","available_sort_by":[],"include_in_menu":false,"is_anchor":"1","children_count":"0","url_key":"performance-fabrics-35","url_path":"collections/performance-fabrics/performance-fabrics-35","slug":"performance-fabrics-35","tsk":1568838045024}}
{"_index":"vue_storefront_catalog_category_1568838132","_type":"_doc","_id":"8","_score":1,"_source":{"id":8,"parent_id":7,"name":"New Luma Yoga Collection","is_active":true,"position":1,"level":3,"product_count":347,"children_data":[],"children":"","created_at":"2017-11-06 12:16:20","updated_at":"2017-11-06 12:16:20","path":"1/2/7/8","available_sort_by":[],"include_in_menu":false,"is_anchor":"1","children_count":"0","url_key":"new-luma-yoga-collection-8","url_path":"collections/yoga-new/new-luma-yoga-collection-8","slug":"new-luma-yoga-collection-8","tsk":1568838045024}}
{"_index":"vue_storefront_catalog_category_1568838132","_type":"_doc","_id":"40","_score":1,"_source":{"id":40,"parent_id":7,"name":"Eco Collection New","is_active":true,"position":6,"level":3,"product_count":0,"children_data":[],"children":"","created_at":"2017-11-06 12:17:48","updated_at":"2017-11-06 12:17:48","path":"1/2/7/40","available_sort_by":[],"include_in_menu":false,"display_mode":"PAGE","is_anchor":"0","page_layout":"1column","children_count":"0","url_key":"eco-collection-new-40","url_path":"collections/eco-new/eco-collection-new-40","slug":"eco-collection-new-40","tsk":1568838045024}}
{"_index":"vue_storefront_catalog_category_1568838132","_type":"_doc","_id":"34","_score":1,"_source":{"id":34,"parent_id":7,"name":"Erin Recommends","is_active":true,"position":2,"level":3,"product_count":279,"children_data":[],"children":"","created_at":"2017-11-06 12:16:42","updated_at":"2017-11-06 12:16:42","path":"1/2/7/34","available_sort_by":[],"include_in_menu":false,"is_anchor":"1","children_count":"0","url_key":"erin-recommends-34","url_path":"collections/erin-recommends/erin-recommends-34","slug":"erin-recommends-34","tsk":1568838045024}}
{"_index":"vue_storefront_catalog_category_1568838132","_type":"_doc","_id":"39","_score":1,"_source":{"id":39,"parent_id":7,"name":"Performance Sportswear New","is_active":true,"position":5,"level":3,"product_count":0,"children_data":[],"children":"","created_at":"2017-11-06 12:17:48","updated_at":"2017-11-06 12:17:48","path":"1/2/7/39","available_sort_by":[],"include_in_menu":false,"display_mode":"PAGE","is_anchor":"0","page_layout":"1column","children_count":"0","url_key":"performance-sportswear-new-39","url_path":"collections/performance-new/performance-sportswear-new-39","slug":"performance-sportswear-new-39","tsk":1568838045024}}
{"_index":"vue_storefront_catalog_category_1568838132","_type":"_doc","_id":"36","_score":1,"_source":{"id":36,"parent_id":7,"name":"Eco Friendly","is_active":true,"position":4,"level":3,"product_count":247,"children_data":[],"children":"","created_at":"2017-11-06 12:16:42","updated_at":"2017-11-06 12:16:42","path":"1/2/7/36","available_sort_by":[],"include_in_menu":false,"is_anchor":"1","children_count":"0","url_key":"eco-friendly-36","url_path":"collections/eco-friendly/eco-friendly-36","slug":"eco-friendly-36","tsk":1568838045024}}
{"_index":"vue_storefront_catalog_category_1568838132","_type":"_doc","_id":"33","_score":1,"_source":{"id":33,"parent_id":29,"name":"Tees","is_active":true,"position":4,"level":3,"product_count":192,"children_data":[],"children":"","created_at":"2017-11-06 12:16:42","updated_at":"2017-11-06 12:16:42","path":"1/2/29/33","available_sort_by":[],"include_in_menu":false,"is_anchor":"1","children_count":"0","url_key":"tees-33","url_path":"promotions/tees-all/tees-33","slug":"tees-33","tsk":1568838045024}}
{"_index":"vue_storefront_catalog_category_1568838132","_type":"_doc","_id":"32","_score":1,"_source":{"id":32,"parent_id":29,"name":"Pants","is_active":true,"position":3,"level":3,"product_count":247,"children_data":[],"children":"","created_at":"2017-11-06 12:16:42","updated_at":"2017-11-06 12:16:42","path":"1/2/29/32","available_sort_by":[],"include_in_menu":false,"is_anchor":"1","children_count":"0","url_key":"pants-32","url_path":"promotions/pants-all/pants-32","slug":"pants-32","tsk":1568838045024}}
{"_index":"vue_storefront_catalog_category_1568838132","_type":"_doc","_id":"21","_score":1,"_source":{"id":21,"parent_id":20,"name":"Tops","is_active":true,"position":1,"level":3,"product_count":0,"children_data":[{"is_anchor":"1","is_active":true,"level":4,"product_count":186,"children_count":"0","created_at":"2017-11-06 12:16:41","url_key":"jackets-23","path":"1/2/20/21/23","updated_at":"2017-11-06 12:16:41","children":"","parent_id":21,"available_sort_by":[],"name":"Jackets","id":23,"position":1,"include_in_menu":true,"slug":"jackets-23","children_data":[],"url_path":"women/tops-women/jackets-women/jackets-23"},{"is_anchor":"1","is_active":true,"level":4,"product_count":182,"children_count":"0","created_at":"2017-11-06 12:16:41","url_key":"hoodies-and-sweatshirts-24","path":"1/2/20/21/24","updated_at":"2017-11-06 12:16:41","children":"","parent_id":21,"available_sort_by":[],"name":"Hoodies & Sweatshirts","id":24,"position":2,"include_in_menu":true,"slug":"hoodies-and-sweatshirts-24","children_data":[],"url_path":"women/tops-women/hoodies-and-sweatshirts-women/hoodies-and-sweatshirts-24"},{"is_anchor":"1","is_active":true,"level":4,"product_count":192,"children_count":"0","created_at":"2017-11-06 12:16:41","url_key":"tees-25","path":"1/2/20/21/25","updated_at":"2017-11-06 12:16:41","children":"","parent_id":21,"available_sort_by":[],"name":"Tees","id":25,"position":3,"include_in_menu":true,"slug":"tees-25","children_data":[],"url_path":"women/tops-women/tees-women/tees-25"},{"is_anchor":"1","is_active":true,"level":4,"product_count":224,"children_count":"0","created_at":"2017-11-06 12:16:41","url_key":"bras-and-tanks-26","path":"1/2/20/21/26","updated_at":"2017-11-06 12:16:41","children":"","parent_id":21,"available_sort_by":[],"name":"Bras & Tanks","id":26,"position":4,"include_in_menu":true,"slug":"bras-and-tanks-26","children_data":[],"url_path":"women/tops-women/tanks-women/bras-and-tanks-26"}],"children":"23,24,25,26","created_at":"2017-11-06 12:16:41","updated_at":"2019-01-03 10:35:27","path":"1/2/20/21","available_sort_by":[],"include_in_menu":true,"meta_title":"Women Tops","meta_description":"Best women tops on vuestorefront.","display_mode":"PRODUCTS","is_anchor":"1","children_count":"4","custom_use_parent_settings":"0","custom_apply_to_products":"0","url_key":"tops-21","url_path":"women/tops-women/tops-21","slug":"tops-21","tsk":1568838045024}}
{"_index":"vue_storefront_catalog_category_1568838132","_type":"_doc","_id":"22","_score":1,"_source":{"id":22,"parent_id":20,"name":"Bottoms","is_active":true,"position":2,"level":3,"product_count":0,"children_data":[{"is_anchor":"1","is_active":true,"level":4,"product_count":91,"children_count":"0","created_at":"2017-11-06 12:16:41","url_key":"pants-27","path":"1/2/20/22/27","updated_at":"2017-11-06 12:16:41","children":"","parent_id":22,"available_sort_by":[],"name":"Pants","id":27,"position":1,"include_in_menu":true,"slug":"pants-27","children_data":[],"url_path":"women/bottoms-women/pants-women/pants-27"},{"is_anchor":"1","is_active":true,"level":4,"product_count":137,"children_count":"0","created_at":"2017-11-06 12:16:41","url_key":"shorts-28","path":"1/2/20/22/28","updated_at":"2017-11-06 12:16:41","children":"","parent_id":22,"available_sort_by":[],"name":"Shorts","id":28,"position":2,"include_in_menu":true,"slug":"shorts-28","children_data":[],"url_path":"women/bottoms-women/shorts-women/shorts-28"}],"children":"27,28","created_at":"2017-11-06 12:16:41","updated_at":"2017-11-06 12:16:41","path":"1/2/20/22","available_sort_by":[],"include_in_menu":true,"is_anchor":"1","children_count":"2","url_key":"bottoms-22","url_path":"women/bottoms-women/bottoms-22","slug":"bottoms-22","tsk":1568838045024}}
{"_index":"vue_storefront_catalog_category_1568838132","_type":"_doc","_id":"23","_score":1,"_source":{"id":23,"parent_id":21,"name":"Jackets","is_active":true,"position":1,"level":4,"product_count":186,"children_data":[],"children":"","created_at":"2017-11-06 12:16:41","updated_at":"2017-11-06 12:16:41","path":"1/2/20/21/23","available_sort_by":[],"include_in_menu":true,"is_anchor":"1","children_count":"0","url_key":"jackets-23","url_path":"women/tops-women/jackets-women/jackets-23","slug":"jackets-23","tsk":1568838045024}}
{"_index":"vue_storefront_catalog_category_1568838132","_type":"_doc","_id":"26","_score":1,"_source":{"id":26,"parent_id":21,"name":"Bras & Tanks","is_active":true,"position":4,"level":4,"product_count":224,"children_data":[],"children":"","created_at":"2017-11-06 12:16:41","updated_at":"2017-11-06 12:16:41","path":"1/2/20/21/26","available_sort_by":[],"include_in_menu":true,"is_anchor":"1","children_count":"0","url_key":"bras-and-tanks-26","url_path":"women/tops-women/tanks-women/bras-and-tanks-26","slug":"bras-and-tanks-26","tsk":1568838045024}}
{"_index":"vue_storefront_catalog_category_1568838132","_type":"_doc","_id":"28","_score":1,"_source":{"id":28,"parent_id":22,"name":"Shorts","is_active":true,"position":2,"level":4,"product_count":137,"children_data":[],"children":"","created_at":"2017-11-06 12:16:41","updated_at":"2017-11-06 12:16:41","path":"1/2/20/22/28","available_sort_by":[],"include_in_menu":true,"is_anchor":"1","children_count":"0","url_key":"shorts-28","url_path":"women/bottoms-women/shorts-women/shorts-28","slug":"shorts-28","tsk":1568838045024}}
{"_index":"vue_storefront_catalog_category_1568838132","_type":"_doc","_id":"12","_score":1,"_source":{"id":12,"parent_id":11,"name":"Tops","is_active":true,"position":1,"level":3,"product_count":0,"children_data":[{"is_anchor":"1","is_active":true,"display_mode":"PRODUCTS","level":4,"product_count":176,"children_count":"0","created_at":"2017-11-06 12:16:40","description":"<p>Lorem ipsum dolor sit amet, consectetur adipiscing elit. Vestibulum dui sapien, bibendum ac luctus sed, lobortis id lacus. Nulla nisi augue, accumsan id sapien maximus, hendrerit vehicula elit.</p>","custom_apply_to_products":"0","url_key":"jackets-14","path":"1/2/11/12/14","updated_at":"2019-04-17 11:10:23","children":"","parent_id":12,"available_sort_by":[],"name":"Jackets","id":14,"position":1,"custom_use_parent_settings":"0","include_in_menu":true,"slug":"jackets-14","children_data":[],"url_path":"men/tops-men/jackets-men/jackets-14"},{"is_anchor":"1","is_active":true,"level":4,"product_count":208,"children_count":"0","created_at":"2017-11-06 12:16:40","url_key":"hoodies-and-sweatshirts-15","path":"1/2/11/12/15","updated_at":"2017-11-06 12:16:40","children":"","parent_id":12,"available_sort_by":[],"name":"Hoodies & Sweatshirts","id":15,"position":2,"include_in_menu":true,"slug":"hoodies-and-sweatshirts-15","children_data":[],"url_path":"men/tops-men/hoodies-and-sweatshirts-men/hoodies-and-sweatshirts-15"},{"is_anchor":"1","is_active":true,"level":4,"product_count":192,"children_count":"0","created_at":"2017-11-06 12:16:40","url_key":"tees-16","path":"1/2/11/12/16","updated_at":"2017-11-06 12:16:40","children":"","parent_id":12,"available_sort_by":[],"name":"Tees","id":16,"position":3,"include_in_menu":true,"slug":"tees-16","children_data":[],"url_path":"men/tops-men/tees-men/tees-16"},{"is_anchor":"1","is_active":true,"level":4,"product_count":102,"children_count":"0","created_at":"2017-11-06 12:16:40","url_key":"tanks-17","path":"1/2/11/12/17","updated_at":"2017-11-06 12:16:40","children":"","parent_id":12,"available_sort_by":[],"name":"Tanks","id":17,"position":4,"include_in_menu":true,"slug":"tanks-17","children_data":[],"url_path":"men/tops-men/tanks-men/tanks-17"}],"children":"14,15,16,17","created_at":"2017-11-06 12:16:40","updated_at":"2017-11-06 12:16:40","path":"1/2/11/12","available_sort_by":[],"include_in_menu":true,"is_anchor":"1","children_count":"4","url_key":"tops-12","url_path":"men/tops-men/tops-12","slug":"tops-12","tsk":1568838045024}}
{"_index":"vue_storefront_catalog_category_1568838132","_type":"_doc","_id":"24","_score":1,"_source":{"id":24,"parent_id":21,"name":"Hoodies & Sweatshirts","is_active":true,"position":2,"level":4,"product_count":182,"children_data":[],"children":"","created_at":"2017-11-06 12:16:41","updated_at":"2017-11-06 12:16:41","path":"1/2/20/21/24","available_sort_by":[],"include_in_menu":true,"is_anchor":"1","children_count":"0","url_key":"hoodies-and-sweatshirts-24","url_path":"women/tops-women/hoodies-and-sweatshirts-women/hoodies-and-sweatshirts-24","slug":"hoodies-and-sweatshirts-24","tsk":1568838045024}}
{"_index":"vue_storefront_catalog_category_1568838132","_type":"_doc","_id":"13","_score":1,"_source":{"id":13,"parent_id":11,"name":"Bottoms","is_active":true,"position":2,"level":3,"product_count":0,"children_data":[{"is_anchor":"1","is_active":true,"level":4,"product_count":156,"children_count":"0","created_at":"2017-11-06 12:16:40","url_key":"pants-18","path":"1/2/11/13/18","updated_at":"2017-11-06 12:16:40","children":"","parent_id":13,"available_sort_by":[],"name":"Pants","id":18,"position":1,"include_in_menu":true,"slug":"pants-18","children_data":[],"url_path":"men/bottoms-men/pants-men/pants-18"},{"is_anchor":"1","is_active":true,"level":4,"product_count":148,"children_count":"0","created_at":"2017-11-06 12:16:40","url_key":"shorts-19","path":"1/2/11/13/19","updated_at":"2017-11-06 12:16:40","children":"","parent_id":13,"available_sort_by":[],"name":"Shorts","id":19,"position":2,"include_in_menu":true,"slug":"shorts-19","children_data":[],"url_path":"men/bottoms-men/shorts-men/shorts-19"}],"children":"18,19","created_at":"2017-11-06 12:16:40","updated_at":"2017-11-06 12:16:40","path":"1/2/11/13","available_sort_by":[],"include_in_menu":true,"is_anchor":"1","children_count":"2","url_key":"bottoms-13","url_path":"men/bottoms-men/bottoms-13","slug":"bottoms-13","tsk":1568838045024}}
{"_index":"vue_storefront_catalog_category_1568838132","_type":"_doc","_id":"2","_score":1,"_source":{"id":2,"parent_id":1,"name":"All","is_active":true,"position":1,"level":1,"product_count":1181,"children_data":[{"is_anchor":"0","is_active":true,"display_mode":"PAGE","level":2,"product_count":0,"children_count":"0","created_at":"2017-11-06 12:17:48","url_key":"whats-new-38","path":"1/2/38","updated_at":"2018-05-27 14:05:17","children":"","parent_id":2,"available_sort_by":[],"name":"What's New","id":38,"position":1,"include_in_menu":true,"slug":"whats-new-38","children_data":[],"url_path":"what-is-new/whats-new-38"},{"is_anchor":"0","display_mode":"PAGE","custom_layout_update":"<referenceContainer name=\"catalog.leftnav\" remove=\"true\"/>","product_count":0,"children_count":"8","created_at":"2017-11-06 12:16:40","description":"<p><span>Lorem ipsum dolor sit amet, consectetur adipiscing elit. Vestibulum dui sapien, bibendum ac luctus sed, lobortis id lacus. Nulla nisi augue, accumsan id sapien maximus, hendrerit vehicula elit.</span></p>","path":"1/2/20","updated_at":"2019-04-17 11:08:58","children":"21,22","available_sort_by":[],"id":20,"include_in_menu":true,"slug":"women-20","url_path":"women/women-20","is_active":true,"meta_title":"Women Sale","level":2,"custom_apply_to_products":"0","url_key":"women-20","meta_description":"Fit your style with vuestorefront","parent_id":2,"name":"Women","position":2,"custom_use_parent_settings":"0","children_data":[{"is_anchor":"1","is_active":true,"meta_title":"Women Tops","display_mode":"PRODUCTS","level":3,"product_count":0,"children_count":"4","created_at":"2017-11-06 12:16:41","custom_apply_to_products":"0","url_key":"tops-21","path":"1/2/20/21","meta_description":"Best women tops on vuestorefront.","updated_at":"2019-01-03 10:35:27","children":"23,24,25,26","parent_id":20,"available_sort_by":[],"name":"Tops","id":21,"position":1,"custom_use_parent_settings":"0","include_in_menu":true,"slug":"tops-21","children_data":[{"is_anchor":"1","is_active":true,"level":4,"product_count":186,"children_count":"0","created_at":"2017-11-06 12:16:41","url_key":"jackets-23","path":"1/2/20/21/23","updated_at":"2017-11-06 12:16:41","children":"","parent_id":21,"available_sort_by":[],"name":"Jackets","id":23,"position":1,"include_in_menu":true,"slug":"jackets-23","children_data":[],"url_path":"women/tops-women/jackets-women/jackets-23"},{"is_anchor":"1","is_active":true,"level":4,"product_count":182,"children_count":"0","created_at":"2017-11-06 12:16:41","url_key":"hoodies-and-sweatshirts-24","path":"1/2/20/21/24","updated_at":"2017-11-06 12:16:41","children":"","parent_id":21,"available_sort_by":[],"name":"Hoodies & Sweatshirts","id":24,"position":2,"include_in_menu":true,"slug":"hoodies-and-sweatshirts-24","children_data":[],"url_path":"women/tops-women/hoodies-and-sweatshirts-women/hoodies-and-sweatshirts-24"},{"is_anchor":"1","is_active":true,"level":4,"product_count":192,"children_count":"0","created_at":"2017-11-06 12:16:41","url_key":"tees-25","path":"1/2/20/21/25","updated_at":"2017-11-06 12:16:41","children":"","parent_id":21,"available_sort_by":[],"name":"Tees","id":25,"position":3,"include_in_menu":true,"slug":"tees-25","children_data":[],"url_path":"women/tops-women/tees-women/tees-25"},{"is_anchor":"1","is_active":true,"level":4,"product_count":224,"children_count":"0","created_at":"2017-11-06 12:16:41","url_key":"bras-and-tanks-26","path":"1/2/20/21/26","updated_at":"2017-11-06 12:16:41","children":"","parent_id":21,"available_sort_by":[],"name":"Bras & Tanks","id":26,"position":4,"include_in_menu":true,"slug":"bras-and-tanks-26","children_data":[],"url_path":"women/tops-women/tanks-women/bras-and-tanks-26"}],"url_path":"women/tops-women/tops-21"},{"is_anchor":"1","is_active":true,"level":3,"product_count":0,"children_count":"2","created_at":"2017-11-06 12:16:41","url_key":"bottoms-22","path":"1/2/20/22","updated_at":"2017-11-06 12:16:41","children":"27,28","parent_id":20,"available_sort_by":[],"name":"Bottoms","id":22,"position":2,"include_in_menu":true,"slug":"bottoms-22","children_data":[{"is_anchor":"1","is_active":true,"level":4,"product_count":91,"children_count":"0","created_at":"2017-11-06 12:16:41","url_key":"pants-27","path":"1/2/20/22/27","updated_at":"2017-11-06 12:16:41","children":"","parent_id":22,"available_sort_by":[],"name":"Pants","id":27,"position":1,"include_in_menu":true,"slug":"pants-27","children_data":[],"url_path":"women/bottoms-women/pants-women/pants-27"},{"is_anchor":"1","is_active":true,"level":4,"product_count":137,"children_count":"0","created_at":"2017-11-06 12:16:41","url_key":"shorts-28","path":"1/2/20/22/28","updated_at":"2017-11-06 12:16:41","children":"","parent_id":22,"available_sort_by":[],"name":"Shorts","id":28,"position":2,"include_in_menu":true,"slug":"shorts-28","children_data":[],"url_path":"women/bottoms-women/shorts-women/shorts-28"}],"url_path":"women/bottoms-women/bottoms-22"}]},{"is_anchor":"0","is_active":true,"display_mode":"PAGE","level":2,"custom_layout_update":"<referenceContainer name=\"catalog.leftnav\" remove=\"true\"/>","product_count":0,"children_count":"8","created_at":"2017-11-06 12:16:39","url_key":"men-11","path":"1/2/11","updated_at":"2018-05-27 14:06:07","children":"12,13","parent_id":2,"available_sort_by":[],"name":"Men","id":11,"position":3,"include_in_menu":true,"slug":"men-11","children_data":[{"is_anchor":"1","is_active":true,"level":3,"product_count":0,"children_count":"4","created_at":"2017-11-06 12:16:40","url_key":"tops-12","path":"1/2/11/12","updated_at":"2017-11-06 12:16:40","children":"14,15,16,17","parent_id":11,"available_sort_by":[],"name":"Tops","id":12,"position":1,"include_in_menu":true,"slug":"tops-12","children_data":[{"is_anchor":"1","is_active":true,"display_mode":"PRODUCTS","level":4,"product_count":176,"children_count":"0","created_at":"2017-11-06 12:16:40","description":"<p>Lorem ipsum dolor sit amet, consectetur adipiscing elit. Vestibulum dui sapien, bibendum ac luctus sed, lobortis id lacus. Nulla nisi augue, accumsan id sapien maximus, hendrerit vehicula elit.</p>","custom_apply_to_products":"0","url_key":"jackets-14","path":"1/2/11/12/14","updated_at":"2019-04-17 11:10:23","children":"","parent_id":12,"available_sort_by":[],"name":"Jackets","id":14,"position":1,"custom_use_parent_settings":"0","include_in_menu":true,"slug":"jackets-14","children_data":[],"url_path":"men/tops-men/jackets-men/jackets-14"},{"is_anchor":"1","is_active":true,"level":4,"product_count":208,"children_count":"0","created_at":"2017-11-06 12:16:40","url_key":"hoodies-and-sweatshirts-15","path":"1/2/11/12/15","updated_at":"2017-11-06 12:16:40","children":"","parent_id":12,"available_sort_by":[],"name":"Hoodies & Sweatshirts","id":15,"position":2,"include_in_menu":true,"slug":"hoodies-and-sweatshirts-15","children_data":[],"url_path":"men/tops-men/hoodies-and-sweatshirts-men/hoodies-and-sweatshirts-15"},{"is_anchor":"1","is_active":true,"level":4,"product_count":192,"children_count":"0","created_at":"2017-11-06 12:16:40","url_key":"tees-16","path":"1/2/11/12/16","updated_at":"2017-11-06 12:16:40","children":"","parent_id":12,"available_sort_by":[],"name":"Tees","id":16,"position":3,"include_in_menu":true,"slug":"tees-16","children_data":[],"url_path":"men/tops-men/tees-men/tees-16"},{"is_anchor":"1","is_active":true,"level":4,"product_count":102,"children_count":"0","created_at":"2017-11-06 12:16:40","url_key":"tanks-17","path":"1/2/11/12/17","updated_at":"2017-11-06 12:16:40","children":"","parent_id":12,"available_sort_by":[],"name":"Tanks","id":17,"position":4,"include_in_menu":true,"slug":"tanks-17","children_data":[],"url_path":"men/tops-men/tanks-men/tanks-17"}],"url_path":"men/tops-men/tops-12"},{"is_anchor":"1","is_active":true,"level":3,"product_count":0,"children_count":"2","created_at":"2017-11-06 12:16:40","url_key":"bottoms-13","path":"1/2/11/13","updated_at":"2017-11-06 12:16:40","children":"18,19","parent_id":11,"available_sort_by":[],"name":"Bottoms","id":13,"position":2,"include_in_menu":true,"slug":"bottoms-13","children_data":[{"is_anchor":"1","is_active":true,"level":4,"product_count":156,"children_count":"0","created_at":"2017-11-06 12:16:40","url_key":"pants-18","path":"1/2/11/13/18","updated_at":"2017-11-06 12:16:40","children":"","parent_id":13,"available_sort_by":[],"name":"Pants","id":18,"position":1,"include_in_menu":true,"slug":"pants-18","children_data":[],"url_path":"men/bottoms-men/pants-men/pants-18"},{"is_anchor":"1","is_active":true,"level":4,"product_count":148,"children_count":"0","created_at":"2017-11-06 12:16:40","url_key":"shorts-19","path":"1/2/11/13/19","updated_at":"2017-11-06 12:16:40","children":"","parent_id":13,"available_sort_by":[],"name":"Shorts","id":19,"position":2,"include_in_menu":true,"slug":"shorts-19","children_data":[],"url_path":"men/bottoms-men/shorts-men/shorts-19"}],"url_path":"men/bottoms-men/bottoms-13"}],"url_path":"men/men-11"},{"is_anchor":"0","is_active":true,"display_mode":"PAGE","level":2,"custom_layout_update":"<referenceContainer name=\"catalog.leftnav\" remove=\"true\"/>","product_count":46,"children_count":"3","created_at":"2017-11-06 12:16:19","url_key":"gear-3","path":"1/2/3","updated_at":"2018-05-27 14:06:53","children":"4,5,6","parent_id":2,"available_sort_by":[],"name":"Gear","id":3,"position":4,"include_in_menu":true,"slug":"gear-3","children_data":[{"is_anchor":"1","is_active":true,"level":3,"product_count":14,"children_count":"0","created_at":"2017-11-06 12:16:20","url_key":"bags-4","path":"1/2/3/4","updated_at":"2017-11-06 12:16:20","children":"","parent_id":3,"available_sort_by":[],"name":"Bags","id":4,"position":1,"include_in_menu":true,"slug":"bags-4","children_data":[],"url_path":"gear/bags/bags-4"},{"is_anchor":"1","is_active":true,"level":3,"product_count":23,"children_count":"0","created_at":"2017-11-06 12:16:20","url_key":"fitness-equipment-5","path":"1/2/3/5","updated_at":"2017-11-06 12:16:20","children":"","parent_id":3,"available_sort_by":[],"name":"Fitness Equipment","id":5,"position":2,"include_in_menu":true,"slug":"fitness-equipment-5","children_data":[],"url_path":"gear/fitness-equipment/fitness-equipment-5"},{"is_anchor":"1","is_active":true,"level":3,"product_count":9,"children_count":"0","created_at":"2017-11-06 12:16:20","url_key":"watches-6","path":"1/2/3/6","updated_at":"2017-11-06 12:16:20","children":"","parent_id":3,"available_sort_by":[],"name":"Watches","id":6,"position":3,"include_in_menu":true,"slug":"watches-6","children_data":[],"url_path":"gear/watches/watches-6"}],"url_path":"gear/gear-3"},{"is_anchor":"0","is_active":false,"display_mode":"PAGE","level":2,"product_count":13,"children_count":"6","created_at":"2017-11-06 12:16:20","url_key":"collections-7","path":"1/2/7","updated_at":"2017-11-06 12:17:48","children":"34,35,36,39,40,8","parent_id":2,"available_sort_by":[],"name":"Collections","id":7,"position":5,"include_in_menu":false,"slug":"collections-7","children_data":[{"is_anchor":"1","is_active":true,"level":3,"product_count":347,"children_count":"0","created_at":"2017-11-06 12:16:20","url_key":"new-luma-yoga-collection-8","path":"1/2/7/8","updated_at":"2017-11-06 12:16:20","children":"","parent_id":7,"available_sort_by":[],"name":"New Luma Yoga Collection","id":8,"position":1,"include_in_menu":false,"slug":"new-luma-yoga-collection-8","children_data":[],"url_path":"collections/yoga-new/new-luma-yoga-collection-8"},{"is_anchor":"1","is_active":true,"level":3,"product_count":279,"children_count":"0","created_at":"2017-11-06 12:16:42","url_key":"erin-recommends-34","path":"1/2/7/34","updated_at":"2017-11-06 12:16:42","children":"","parent_id":7,"available_sort_by":[],"name":"Erin Recommends","id":34,"position":2,"include_in_menu":false,"slug":"erin-recommends-34","children_data":[],"url_path":"collections/erin-recommends/erin-recommends-34"},{"is_anchor":"1","is_active":true,"level":3,"product_count":310,"children_count":"0","created_at":"2017-11-06 12:16:42","url_key":"performance-fabrics-35","path":"1/2/7/35","updated_at":"2017-11-06 12:16:42","children":"","parent_id":7,"available_sort_by":[],"name":"Performance Fabrics","id":35,"position":3,"include_in_menu":false,"slug":"performance-fabrics-35","children_data":[],"url_path":"collections/performance-fabrics/performance-fabrics-35"},{"is_anchor":"1","is_active":true,"level":3,"product_count":247,"children_count":"0","created_at":"2017-11-06 12:16:42","url_key":"eco-friendly-36","path":"1/2/7/36","updated_at":"2017-11-06 12:16:42","children":"","parent_id":7,"available_sort_by":[],"name":"Eco Friendly","id":36,"position":4,"include_in_menu":false,"slug":"eco-friendly-36","children_data":[],"url_path":"collections/eco-friendly/eco-friendly-36"},{"is_anchor":"0","is_active":true,"display_mode":"PAGE","level":3,"product_count":0,"children_count":"0","created_at":"2017-11-06 12:17:48","url_key":"performance-sportswear-new-39","path":"1/2/7/39","updated_at":"2017-11-06 12:17:48","children":"","parent_id":7,"page_layout":"1column","available_sort_by":[],"name":"Performance Sportswear New","id":39,"position":5,"include_in_menu":false,"slug":"performance-sportswear-new-39","children_data":[],"url_path":"collections/performance-new/performance-sportswear-new-39"},{"is_anchor":"0","is_active":true,"display_mode":"PAGE","level":3,"product_count":0,"children_count":"0","created_at":"2017-11-06 12:17:48","url_key":"eco-collection-new-40","path":"1/2/7/40","updated_at":"2017-11-06 12:17:48","children":"","parent_id":7,"page_layout":"1column","available_sort_by":[],"name":"Eco Collection New","id":40,"position":6,"include_in_menu":false,"slug":"eco-collection-new-40","children_data":[],"url_path":"collections/eco-new/eco-collection-new-40"}],"url_path":"collections/collections-7"},{"is_anchor":"0","is_active":true,"display_mode":"PAGE","level":2,"custom_layout_update":"<referenceContainer name=\"catalog.leftnav\" remove=\"true\"/>","product_count":6,"children_count":"1","created_at":"2017-11-06 12:16:31","url_key":"training-9","path":"1/2/9","updated_at":"2018-05-27 14:04:30","children":"10","parent_id":2,"available_sort_by":[],"name":"Training","id":9,"position":5,"include_in_menu":true,"slug":"training-9","children_data":[{"is_anchor":"1","is_active":true,"level":3,"product_count":6,"children_count":"0","created_at":"2017-11-06 12:16:31","url_key":"video-download-10","path":"1/2/9/10","updated_at":"2017-11-06 12:16:31","children":"","parent_id":9,"available_sort_by":[],"name":"Video Download","id":10,"position":1,"include_in_menu":true,"slug":"video-download-10","children_data":[],"url_path":"training/training-video/video-download-10"}],"url_path":"training/training-9"},{"is_anchor":"0","is_active":false,"display_mode":"PAGE","level":2,"product_count":0,"children_count":"4","created_at":"2017-11-06 12:16:41","url_key":"promotions-29","path":"1/2/29","updated_at":"2017-11-06 12:16:42","children":"30,31,32,33","parent_id":2,"available_sort_by":[],"name":"Promotions","id":29,"position":6,"include_in_menu":false,"slug":"promotions-29","children_data":[{"is_anchor":"1","is_active":true,"level":3,"product_count":224,"children_count":"0","created_at":"2017-11-06 12:16:41","url_key":"women-sale-30","path":"1/2/29/30","updated_at":"2017-11-06 12:16:41","children":"","parent_id":29,"available_sort_by":[],"name":"Women Sale","id":30,"position":1,"include_in_menu":false,"slug":"women-sale-30","children_data":[],"url_path":"promotions/women-sale/women-sale-30"},{"is_anchor":"1","is_active":true,"level":3,"product_count":39,"children_count":"0","created_at":"2017-11-06 12:16:41","url_key":"men-sale-31","path":"1/2/29/31","updated_at":"2017-11-06 12:16:41","children":"","parent_id":29,"available_sort_by":[],"name":"Men Sale","id":31,"position":2,"include_in_menu":false,"slug":"men-sale-31","children_data":[],"url_path":"promotions/men-sale/men-sale-31"},{"is_anchor":"1","is_active":true,"level":3,"product_count":247,"children_count":"0","created_at":"2017-11-06 12:16:42","url_key":"pants-32","path":"1/2/29/32","updated_at":"2017-11-06 12:16:42","children":"","parent_id":29,"available_sort_by":[],"name":"Pants","id":32,"position":3,"include_in_menu":false,"slug":"pants-32","children_data":[],"url_path":"promotions/pants-all/pants-32"},{"is_anchor":"1","is_active":true,"level":3,"product_count":192,"children_count":"0","created_at":"2017-11-06 12:16:42","url_key":"tees-33","path":"1/2/29/33","updated_at":"2017-11-06 12:16:42","children":"","parent_id":29,"available_sort_by":[],"name":"Tees","id":33,"position":4,"include_in_menu":false,"slug":"tees-33","children_data":[],"url_path":"promotions/tees-all/tees-33"}],"url_path":"promotions/promotions-29"},{"is_anchor":"0","is_active":true,"display_mode":"PAGE","level":2,"product_count":0,"children_count":"0","created_at":"2017-11-06 12:17:48","url_key":"sale-37","path":"1/2/37","updated_at":"2018-05-27 14:04:10","children":"","parent_id":2,"available_sort_by":[],"name":"Sale","id":37,"position":6,"include_in_menu":true,"slug":"sale-37","children_data":[],"url_path":"sale/sale-37"}],"url_key":"all-2","slug":"all-2","url_path":"all-2","children":"3,9,11,20,37,38","created_at":"2017-11-03 08:34:39","updated_at":"2019-04-25 09:11:20","path":"1/2","available_sort_by":[],"include_in_menu":true,"display_mode":"PRODUCTS","is_anchor":"1","children_count":"38","custom_use_parent_settings":"0","custom_apply_to_products":"0","tsk":1568838045024}}
{"_index":"vue_storefront_catalog_category_1568838132","_type":"_doc","_id":"27","_score":1,"_source":{"id":27,"parent_id":22,"name":"Pants","is_active":true,"position":1,"level":4,"product_count":91,"children_data":[],"children":"","created_at":"2017-11-06 12:16:41","updated_at":"2017-11-06 12:16:41","path":"1/2/20/22/27","available_sort_by":[],"include_in_menu":true,"is_anchor":"1","children_count":"0","url_key":"pants-27","url_path":"women/bottoms-women/pants-women/pants-27","slug":"pants-27","tsk":1568838045024}}
{"_index":"vue_storefront_catalog_category_1568838132","_type":"_doc","_id":"25","_score":1,"_source":{"id":25,"parent_id":21,"name":"Tees","is_active":true,"position":3,"level":4,"product_count":192,"children_data":[],"children":"","created_at":"2017-11-06 12:16:41","updated_at":"2017-11-06 12:16:41","path":"1/2/20/21/25","available_sort_by":[],"include_in_menu":true,"is_anchor":"1","children_count":"0","url_key":"tees-25","url_path":"women/tops-women/tees-women/tees-25","slug":"tees-25","tsk":1568838045024}}
{"_index":"vue_storefront_catalog_category_1568838132","_type":"_doc","_id":"14","_score":1,"_source":{"id":14,"parent_id":12,"name":"Jackets","is_active":true,"position":1,"level":4,"product_count":176,"children_data":[],"children":"","created_at":"2017-11-06 12:16:40","updated_at":"2019-04-17 11:10:23","path":"1/2/11/12/14","available_sort_by":[],"include_in_menu":true,"description":"<p>Lorem ipsum dolor sit amet, consectetur adipiscing elit. Vestibulum dui sapien, bibendum ac luctus sed, lobortis id lacus. Nulla nisi augue, accumsan id sapien maximus, hendrerit vehicula elit.</p>","display_mode":"PRODUCTS","is_anchor":"1","children_count":"0","custom_use_parent_settings":"0","custom_apply_to_products":"0","url_key":"jackets-14","url_path":"men/tops-men/jackets-men/jackets-14","slug":"jackets-14","tsk":1568838045024}}
{"_index":"vue_storefront_catalog_category_1568838132","_type":"_doc","_id":"19","_score":1,"_source":{"id":19,"parent_id":13,"name":"Shorts","is_active":true,"position":2,"level":4,"product_count":148,"children_data":[],"children":"","created_at":"2017-11-06 12:16:40","updated_at":"2017-11-06 12:16:40","path":"1/2/11/13/19","available_sort_by":[],"include_in_menu":true,"is_anchor":"1","children_count":"0","url_key":"shorts-19","url_path":"men/bottoms-men/shorts-men/shorts-19","slug":"shorts-19","tsk":1568838045024}}
{"_index":"vue_storefront_catalog_category_1568838132","_type":"_doc","_id":"18","_score":1,"_source":{"id":18,"parent_id":13,"name":"Pants","is_active":true,"position":1,"level":4,"product_count":156,"children_data":[],"children":"","created_at":"2017-11-06 12:16:40","updated_at":"2017-11-06 12:16:40","path":"1/2/11/13/18","available_sort_by":[],"include_in_menu":true,"is_anchor":"1","children_count":"0","url_key":"pants-18","url_path":"men/bottoms-men/pants-men/pants-18","slug":"pants-18","tsk":1568838045024}}
{"_index":"vue_storefront_catalog_category_1568838132","_type":"_doc","_id":"16","_score":1,"_source":{"id":16,"parent_id":12,"name":"Tees","is_active":true,"position":3,"level":4,"product_count":192,"children_data":[],"children":"","created_at":"2017-11-06 12:16:40","updated_at":"2017-11-06 12:16:40","path":"1/2/11/12/16","available_sort_by":[],"include_in_menu":true,"is_anchor":"1","children_count":"0","url_key":"tees-16","url_path":"men/tops-men/tees-men/tees-16","slug":"tees-16","tsk":1568838045024}}
{"_index":"vue_storefront_catalog_category_1568838132","_type":"_doc","_id":"17","_score":1,"_source":{"id":17,"parent_id":12,"name":"Tanks","is_active":true,"position":4,"level":4,"product_count":102,"children_data":[],"children":"","created_at":"2017-11-06 12:16:40","updated_at":"2017-11-06 12:16:40","path":"1/2/11/12/17","available_sort_by":[],"include_in_menu":true,"is_anchor":"1","children_count":"0","url_key":"tanks-17","url_path":"men/tops-men/tanks-men/tanks-17","slug":"tanks-17","tsk":1568838045024}}
{"_index":"vue_storefront_catalog_category_1568838132","_type":"_doc","_id":"15","_score":1,"_source":{"id":15,"parent_id":12,"name":"Hoodies & Sweatshirts","is_active":true,"position":2,"level":4,"product_count":208,"children_data":[],"children":"","created_at":"2017-11-06 12:16:40","updated_at":"2017-11-06 12:16:40","path":"1/2/11/12/15","available_sort_by":[],"include_in_menu":true,"is_anchor":"1","children_count":"0","url_key":"hoodies-and-sweatshirts-15","url_path":"men/tops-men/hoodies-and-sweatshirts-men/hoodies-and-sweatshirts-15","slug":"hoodies-and-sweatshirts-15","tsk":1568838045024}}
