{
    "user_id": "",
    "cart_id": "3c83c77c40a7f85d5e0be1fbf520ca2e",
    "products": [
        {
            "id": 1529,
            "sku": "WS10-XS-Green",
            "name": "Karissa V-Neck Tee-XS-Green",
            "attribute_set_id": 9,
            "price": 32,
            "status": 1,
            "visibility": 4,
            "type_id": "configurable",
            "created_at": "2017-11-06 12:17:19",
            "updated_at": "2017-11-06 12:17:19",
            "extension_attributes": [],
            "product_links": [],
            "tier_prices": [],
            "custom_attributes": [
                {
                    "value": "0",
                    "attribute_code": "required_options"
                },
                {
                    "value": "0",
                    "attribute_code": "has_options"
                },
                {
                    "value": "2",
                    "attribute_code": "tax_class_id"
                },
                {
                    "value": [
                        "25",
                        "33",
                        "35",
                        "2"
                    ],
                    "attribute_code": "category_ids"
                },
                {
                    "value": "167",
                    "attribute_code": "size"
                },
                {
                    "value": "53",
                    "attribute_code": "color"
                },
                {
                    "value": "/w/s/ws10-green_main.jpg",
                    "attribute_code": "image"
                },
                {
                    "value": "/w/s/ws10-green_main.jpg",
                    "attribute_code": "small_image"
                },
                {
                    "value": "/w/s/ws10-green_main.jpg",
                    "attribute_code": "thumbnail"
                },
                {
                    "value": "karissa-v-neck-tee-xs-green",
                    "attribute_code": "url_key"
                },
                {
                    "value": "0",
                    "attribute_code": "msrp_display_actual_price_type"
                }
            ],
            "category": [
                {
                    "category_id": 35,
                    "name": "Performance Fabrics"
                },
                {
                    "category_id": 33,
                    "name": "Tees"
                },
                {
                    "category_id": 25,
                    "name": "Tees"
                },
                {
                    "category_id": 21,
                    "name": "Tops"
                },
                {
                    "category_id": 2,
                    "name": "Default Category"
                }
            ],
            "tsk": 1512134073408,
            "description": "<p>The Karissa V-Neck Tee features a semi-fitted shape that's flattering for every figure. You can hit the gym with confidence while it hugs curves and hides common \"problem\" areas.</p>\n<p>&bull; Pink heather soft v-neck tee. <br />&bull; Luma signature micro sleeves.<br />&bull; Semi-fitted. <br />&bull; Machine wash/dry.</p>",
            "image": "/w/s/ws10-green_main.jpg",
            "small_image": "/w/s/ws10-green_main.jpg",
            "thumbnail": "/w/s/ws10-green_main.jpg",
            "options_container": "container2",
            "required_options": "0",
            "has_options": "0",
            "msrp_display_actual_price_type": "0",
            "tax_class_id": "2",
            "material": "33,153",
            "eco_collection": "0",
            "performance_fabric": "1",
            "erin_recommends": "0",
            "new": "0",
            "sale": "0",
            "style_general": "136",
            "pattern": "197",
            "climate": "205,209",
            "configurable_options": [
                {
                    "attribute_id": "93",
                    "values": [
                        {
                            "value_index": 53
                        },
                        {
                            "value_index": 58
                        },
                        {
                            "value_index": 60
                        }
                    ],
                    "product_id": 1529,
                    "id": 209,
                    "label": "Color",
                    "position": 1
                },
                {
                    "attribute_id": "142",
                    "values": [
                        {
                            "value_index": 167
                        },
                        {
                            "value_index": 168
                        },
                        {
                            "value_index": 169
                        },
                        {
                            "value_index": 170
                        },
                        {
                            "value_index": 171
                        }
                    ],
                    "product_id": 1529,
                    "id": 208,
                    "label": "Size",
                    "position": 0
                }
            ],
            "configurable_children": [
                {
                    "price": 32,
                    "name": "Karissa V-Neck Tee-XS-Green",
                    "sku": "WS10-XS-Green",
                    "custom_attributes": [
                        {
                            "value": "0",
                            "attribute_code": "required_options"
                        },
                        {
                            "value": "0",
                            "attribute_code": "has_options"
                        },
                        {
                            "value": "2",
                            "attribute_code": "tax_class_id"
                        },
                        {
                            "value": [
                                "25",
                                "33",
                                "35",
                                "2"
                            ],
                            "attribute_code": "category_ids"
                        },
                        {
                            "value": "167",
                            "attribute_code": "size"
                        },
                        {
                            "value": "53",
                            "attribute_code": "color"
                        },
                        {
                            "value": "/w/s/ws10-green_main.jpg",
                            "attribute_code": "image"
                        },
                        {
                            "value": "/w/s/ws10-green_main.jpg",
                            "attribute_code": "small_image"
                        },
                        {
                            "value": "/w/s/ws10-green_main.jpg",
                            "attribute_code": "thumbnail"
                        },
                        {
                            "value": "karissa-v-neck-tee-xs-green",
                            "attribute_code": "url_key"
                        },
                        {
                            "value": "0",
                            "attribute_code": "msrp_display_actual_price_type"
                        }
                    ],
                    "required_options": "0",
                    "has_options": "0",
                    "tax_class_id": "2",
                    "category_ids": [
                        "25",
                        "33",
                        "35",
                        "2"
                    ],
                    "size": "167",
                    "color": "53",
                    "image": "/w/s/ws10-green_main.jpg",
                    "small_image": "/w/s/ws10-green_main.jpg",
                    "thumbnail": "/w/s/ws10-green_main.jpg",
                    "url_key": "karissa-v-neck-tee-xs-green",
                    "msrp_display_actual_price_type": "0",
                    "priceInclTax": 39.36,
                    "priceTax": 7.36,
                    "specialPriceInclTax": null,
                    "specialPriceTax": null,
                    "special_price": 0,
                    "sgn": "kzZQmEW7jarL40hnOCNzZGQGO9JuAYB7mCo7EkUdUtg"
                },
                {
                    "price": 32,
                    "name": "Karissa V-Neck Tee-XS-Red",
                    "sku": "WS10-XS-Red",
                    "custom_attributes": [
                        {
                            "value": "0",
                            "attribute_code": "required_options"
                        },
                        {
                            "value": "0",
                            "attribute_code": "has_options"
                        },
                        {
                            "value": "2",
                            "attribute_code": "tax_class_id"
                        },
                        {
                            "value": [
                                "25",
                                "33",
                                "35",
                                "2"
                            ],
                            "attribute_code": "category_ids"
                        },
                        {
                            "value": "167",
                            "attribute_code": "size"
                        },
                        {
                            "value": "58",
                            "attribute_code": "color"
                        },
                        {
                            "value": "/w/s/ws10-red_main.jpg",
                            "attribute_code": "image"
                        },
                        {
                            "value": "/w/s/ws10-red_main.jpg",
                            "attribute_code": "small_image"
                        },
                        {
                            "value": "/w/s/ws10-red_main.jpg",
                            "attribute_code": "thumbnail"
                        },
                        {
                            "value": "karissa-v-neck-tee-xs-red",
                            "attribute_code": "url_key"
                        },
                        {
                            "value": "0",
                            "attribute_code": "msrp_display_actual_price_type"
                        }
                    ],
                    "required_options": "0",
                    "has_options": "0",
                    "tax_class_id": "2",
                    "category_ids": [
                        "25",
                        "33",
                        "35",
                        "2"
                    ],
                    "size": "167",
                    "color": "58",
                    "image": "/w/s/ws10-red_main.jpg",
                    "small_image": "/w/s/ws10-red_main.jpg",
                    "thumbnail": "/w/s/ws10-red_main.jpg",
                    "url_key": "karissa-v-neck-tee-xs-red",
                    "msrp_display_actual_price_type": "0",
                    "priceInclTax": 39.36,
                    "priceTax": 7.36,
                    "specialPriceInclTax": null,
                    "specialPriceTax": null,
                    "special_price": 0,
                    "sgn": "xPKlAReX8HfwFIUCo9F2MKaQxjJ6W7iB98BvlPIWuZU"
                },
                {
                    "price": 32,
                    "name": "Karissa V-Neck Tee-XS-Yellow",
                    "sku": "WS10-XS-Yellow",
                    "custom_attributes": [
                        {
                            "value": "0",
                            "attribute_code": "required_options"
                        },
                        {
                            "value": "0",
                            "attribute_code": "has_options"
                        },
                        {
                            "value": "2",
                            "attribute_code": "tax_class_id"
                        },
                        {
                            "value": [
                                "25",
                                "33",
                                "35",
                                "2"
                            ],
                            "attribute_code": "category_ids"
                        },
                        {
                            "value": "167",
                            "attribute_code": "size"
                        },
                        {
                            "value": "60",
                            "attribute_code": "color"
                        },
                        {
                            "value": "/w/s/ws10-yellow_main.jpg",
                            "attribute_code": "image"
                        },
                        {
                            "value": "/w/s/ws10-yellow_main.jpg",
                            "attribute_code": "small_image"
                        },
                        {
                            "value": "/w/s/ws10-yellow_main.jpg",
                            "attribute_code": "thumbnail"
                        },
                        {
                            "value": "karissa-v-neck-tee-xs-yellow",
                            "attribute_code": "url_key"
                        },
                        {
                            "value": "0",
                            "attribute_code": "msrp_display_actual_price_type"
                        }
                    ],
                    "required_options": "0",
                    "has_options": "0",
                    "tax_class_id": "2",
                    "category_ids": [
                        "25",
                        "33",
                        "35",
                        "2"
                    ],
                    "size": "167",
                    "color": "60",
                    "image": "/w/s/ws10-yellow_main.jpg",
                    "small_image": "/w/s/ws10-yellow_main.jpg",
                    "thumbnail": "/w/s/ws10-yellow_main.jpg",
                    "url_key": "karissa-v-neck-tee-xs-yellow",
                    "msrp_display_actual_price_type": "0",
                    "priceInclTax": 39.36,
                    "priceTax": 7.36,
                    "specialPriceInclTax": null,
                    "specialPriceTax": null,
                    "special_price": 0,
                    "sgn": "yH_QGrPjkHBbI34qb6Mt9TQ9CakKEEMmys7RZyQBnbk"
                },
                {
                    "price": 32,
                    "name": "Karissa V-Neck Tee-S-Green",
                    "sku": "WS10-S-Green",
                    "custom_attributes": [
                        {
                            "value": "0",
                            "attribute_code": "required_options"
                        },
                        {
                            "value": "0",
                            "attribute_code": "has_options"
                        },
                        {
                            "value": "2",
                            "attribute_code": "tax_class_id"
                        },
                        {
                            "value": [
                                "25",
                                "33",
                                "35",
                                "2"
                            ],
                            "attribute_code": "category_ids"
                        },
                        {
                            "value": "168",
                            "attribute_code": "size"
                        },
                        {
                            "value": "53",
                            "attribute_code": "color"
                        },
                        {
                            "value": "/w/s/ws10-green_main.jpg",
                            "attribute_code": "image"
                        },
                        {
                            "value": "/w/s/ws10-green_main.jpg",
                            "attribute_code": "small_image"
                        },
                        {
                            "value": "/w/s/ws10-green_main.jpg",
                            "attribute_code": "thumbnail"
                        },
                        {
                            "value": "karissa-v-neck-tee-s-green",
                            "attribute_code": "url_key"
                        },
                        {
                            "value": "0",
                            "attribute_code": "msrp_display_actual_price_type"
                        }
                    ],
                    "required_options": "0",
                    "has_options": "0",
                    "tax_class_id": "2",
                    "category_ids": [
                        "25",
                        "33",
                        "35",
                        "2"
                    ],
                    "size": "168",
                    "color": "53",
                    "image": "/w/s/ws10-green_main.jpg",
                    "small_image": "/w/s/ws10-green_main.jpg",
                    "thumbnail": "/w/s/ws10-green_main.jpg",
                    "url_key": "karissa-v-neck-tee-s-green",
                    "msrp_display_actual_price_type": "0",
                    "priceInclTax": 39.36,
                    "priceTax": 7.36,
                    "specialPriceInclTax": null,
                    "specialPriceTax": null,
                    "special_price": 0,
                    "sgn": "6ZT2V_tga45su1HPiWTyjVk_RPs6TfeLNLENqM3H3y4"
                },
                {
                    "price": 32,
                    "name": "Karissa V-Neck Tee-S-Red",
                    "sku": "WS10-S-Red",
                    "custom_attributes": [
                        {
                            "value": "0",
                            "attribute_code": "required_options"
                        },
                        {
                            "value": "0",
                            "attribute_code": "has_options"
                        },
                        {
                            "value": "2",
                            "attribute_code": "tax_class_id"
                        },
                        {
                            "value": [
                                "25",
                                "33",
                                "35",
                                "2"
                            ],
                            "attribute_code": "category_ids"
                        },
                        {
                            "value": "168",
                            "attribute_code": "size"
                        },
                        {
                            "value": "58",
                            "attribute_code": "color"
                        },
                        {
                            "value": "/w/s/ws10-red_main.jpg",
                            "attribute_code": "image"
                        },
                        {
                            "value": "/w/s/ws10-red_main.jpg",
                            "attribute_code": "small_image"
                        },
                        {
                            "value": "/w/s/ws10-red_main.jpg",
                            "attribute_code": "thumbnail"
                        },
                        {
                            "value": "karissa-v-neck-tee-s-red",
                            "attribute_code": "url_key"
                        },
                        {
                            "value": "0",
                            "attribute_code": "msrp_display_actual_price_type"
                        }
                    ],
                    "required_options": "0",
                    "has_options": "0",
                    "tax_class_id": "2",
                    "category_ids": [
                        "25",
                        "33",
                        "35",
                        "2"
                    ],
                    "size": "168",
                    "color": "58",
                    "image": "/w/s/ws10-red_main.jpg",
                    "small_image": "/w/s/ws10-red_main.jpg",
                    "thumbnail": "/w/s/ws10-red_main.jpg",
                    "url_key": "karissa-v-neck-tee-s-red",
                    "msrp_display_actual_price_type": "0",
                    "priceInclTax": 39.36,
                    "priceTax": 7.36,
                    "specialPriceInclTax": null,
                    "specialPriceTax": null,
                    "special_price": 0,
                    "sgn": "-TsqmvRza3UaxeV_tbc5AEr-5qAgtyxizqj-PsBlPkU"
                },
                {
                    "price": 32,
                    "name": "Karissa V-Neck Tee-S-Yellow",
                    "sku": "WS10-S-Yellow",
                    "custom_attributes": [
                        {
                            "value": "0",
                            "attribute_code": "required_options"
                        },
                        {
                            "value": "0",
                            "attribute_code": "has_options"
                        },
                        {
                            "value": "2",
                            "attribute_code": "tax_class_id"
                        },
                        {
                            "value": [
                                "25",
                                "33",
                                "35",
                                "2"
                            ],
                            "attribute_code": "category_ids"
                        },
                        {
                            "value": "168",
                            "attribute_code": "size"
                        },
                        {
                            "value": "60",
                            "attribute_code": "color"
                        },
                        {
                            "value": "/w/s/ws10-yellow_main.jpg",
                            "attribute_code": "image"
                        },
                        {
                            "value": "/w/s/ws10-yellow_main.jpg",
                            "attribute_code": "small_image"
                        },
                        {
                            "value": "/w/s/ws10-yellow_main.jpg",
                            "attribute_code": "thumbnail"
                        },
                        {
                            "value": "karissa-v-neck-tee-s-yellow",
                            "attribute_code": "url_key"
                        },
                        {
                            "value": "0",
                            "attribute_code": "msrp_display_actual_price_type"
                        }
                    ],
                    "required_options": "0",
                    "has_options": "0",
                    "tax_class_id": "2",
                    "category_ids": [
                        "25",
                        "33",
                        "35",
                        "2"
                    ],
                    "size": "168",
                    "color": "60",
                    "image": "/w/s/ws10-yellow_main.jpg",
                    "small_image": "/w/s/ws10-yellow_main.jpg",
                    "thumbnail": "/w/s/ws10-yellow_main.jpg",
                    "url_key": "karissa-v-neck-tee-s-yellow",
                    "msrp_display_actual_price_type": "0",
                    "priceInclTax": 39.36,
                    "priceTax": 7.36,
                    "specialPriceInclTax": null,
                    "specialPriceTax": null,
                    "special_price": 0,
                    "sgn": "3PwgUXR22KDfc4qWbKHx0kTybyJyFbx99-VyLe-oL5A"
                },
                {
                    "price": 32,
                    "name": "Karissa V-Neck Tee-M-Green",
                    "sku": "WS10-M-Green",
                    "custom_attributes": [
                        {
                            "value": "0",
                            "attribute_code": "required_options"
                        },
                        {
                            "value": "0",
                            "attribute_code": "has_options"
                        },
                        {
                            "value": "2",
                            "attribute_code": "tax_class_id"
                        },
                        {
                            "value": [
                                "25",
                                "33",
                                "35",
                                "2"
                            ],
                            "attribute_code": "category_ids"
                        },
                        {
                            "value": "169",
                            "attribute_code": "size"
                        },
                        {
                            "value": "53",
                            "attribute_code": "color"
                        },
                        {
                            "value": "/w/s/ws10-green_main.jpg",
                            "attribute_code": "image"
                        },
                        {
                            "value": "/w/s/ws10-green_main.jpg",
                            "attribute_code": "small_image"
                        },
                        {
                            "value": "/w/s/ws10-green_main.jpg",
                            "attribute_code": "thumbnail"
                        },
                        {
                            "value": "karissa-v-neck-tee-m-green",
                            "attribute_code": "url_key"
                        },
                        {
                            "value": "0",
                            "attribute_code": "msrp_display_actual_price_type"
                        }
                    ],
                    "required_options": "0",
                    "has_options": "0",
                    "tax_class_id": "2",
                    "category_ids": [
                        "25",
                        "33",
                        "35",
                        "2"
                    ],
                    "size": "169",
                    "color": "53",
                    "image": "/w/s/ws10-green_main.jpg",
                    "small_image": "/w/s/ws10-green_main.jpg",
                    "thumbnail": "/w/s/ws10-green_main.jpg",
                    "url_key": "karissa-v-neck-tee-m-green",
                    "msrp_display_actual_price_type": "0",
                    "priceInclTax": 39.36,
                    "priceTax": 7.36,
                    "specialPriceInclTax": null,
                    "specialPriceTax": null,
                    "special_price": 0,
                    "sgn": "lfBHTNBBdzohro9uK45p_rjkGM97r8mk9MaCZ_y_7Y4"
                },
                {
                    "price": 32,
                    "name": "Karissa V-Neck Tee-M-Red",
                    "sku": "WS10-M-Red",
                    "custom_attributes": [
                        {
                            "value": "0",
                            "attribute_code": "required_options"
                        },
                        {
                            "value": "0",
                            "attribute_code": "has_options"
                        },
                        {
                            "value": "2",
                            "attribute_code": "tax_class_id"
                        },
                        {
                            "value": [
                                "25",
                                "33",
                                "35",
                                "2"
                            ],
                            "attribute_code": "category_ids"
                        },
                        {
                            "value": "169",
                            "attribute_code": "size"
                        },
                        {
                            "value": "58",
                            "attribute_code": "color"
                        },
                        {
                            "value": "/w/s/ws10-red_main.jpg",
                            "attribute_code": "image"
                        },
                        {
                            "value": "/w/s/ws10-red_main.jpg",
                            "attribute_code": "small_image"
                        },
                        {
                            "value": "/w/s/ws10-red_main.jpg",
                            "attribute_code": "thumbnail"
                        },
                        {
                            "value": "karissa-v-neck-tee-m-red",
                            "attribute_code": "url_key"
                        },
                        {
                            "value": "0",
                            "attribute_code": "msrp_display_actual_price_type"
                        }
                    ],
                    "required_options": "0",
                    "has_options": "0",
                    "tax_class_id": "2",
                    "category_ids": [
                        "25",
                        "33",
                        "35",
                        "2"
                    ],
                    "size": "169",
                    "color": "58",
                    "image": "/w/s/ws10-red_main.jpg",
                    "small_image": "/w/s/ws10-red_main.jpg",
                    "thumbnail": "/w/s/ws10-red_main.jpg",
                    "url_key": "karissa-v-neck-tee-m-red",
                    "msrp_display_actual_price_type": "0",
                    "priceInclTax": 39.36,
                    "priceTax": 7.36,
                    "specialPriceInclTax": null,
                    "specialPriceTax": null,
                    "special_price": 0,
                    "sgn": "YyBkRCL3ckN9H2vHOI7obyQTD8IpiWowYXT4Rkwnnzk"
                },
                {
                    "price": 32,
                    "name": "Karissa V-Neck Tee-M-Yellow",
                    "sku": "WS10-M-Yellow",
                    "custom_attributes": [
                        {
                            "value": "0",
                            "attribute_code": "required_options"
                        },
                        {
                            "value": "0",
                            "attribute_code": "has_options"
                        },
                        {
                            "value": "2",
                            "attribute_code": "tax_class_id"
                        },
                        {
                            "value": [
                                "25",
                                "33",
                                "35",
                                "2"
                            ],
                            "attribute_code": "category_ids"
                        },
                        {
                            "value": "169",
                            "attribute_code": "size"
                        },
                        {
                            "value": "60",
                            "attribute_code": "color"
                        },
                        {
                            "value": "/w/s/ws10-yellow_main.jpg",
                            "attribute_code": "image"
                        },
                        {
                            "value": "/w/s/ws10-yellow_main.jpg",
                            "attribute_code": "small_image"
                        },
                        {
                            "value": "/w/s/ws10-yellow_main.jpg",
                            "attribute_code": "thumbnail"
                        },
                        {
                            "value": "karissa-v-neck-tee-m-yellow",
                            "attribute_code": "url_key"
                        },
                        {
                            "value": "0",
                            "attribute_code": "msrp_display_actual_price_type"
                        }
                    ],
                    "required_options": "0",
                    "has_options": "0",
                    "tax_class_id": "2",
                    "category_ids": [
                        "25",
                        "33",
                        "35",
                        "2"
                    ],
                    "size": "169",
                    "color": "60",
                    "image": "/w/s/ws10-yellow_main.jpg",
                    "small_image": "/w/s/ws10-yellow_main.jpg",
                    "thumbnail": "/w/s/ws10-yellow_main.jpg",
                    "url_key": "karissa-v-neck-tee-m-yellow",
                    "msrp_display_actual_price_type": "0",
                    "priceInclTax": 39.36,
                    "priceTax": 7.36,
                    "specialPriceInclTax": null,
                    "specialPriceTax": null,
                    "special_price": 0,
                    "sgn": "Wnr_DUONtIfF4NzhF7q3H9woiY5UBuT7tnDZhTT0Kj4"
                },
                {
                    "price": 32,
                    "name": "Karissa V-Neck Tee-L-Green",
                    "sku": "WS10-L-Green",
                    "custom_attributes": [
                        {
                            "value": "0",
                            "attribute_code": "required_options"
                        },
                        {
                            "value": "0",
                            "attribute_code": "has_options"
                        },
                        {
                            "value": "2",
                            "attribute_code": "tax_class_id"
                        },
                        {
                            "value": [
                                "25",
                                "33",
                                "35",
                                "2"
                            ],
                            "attribute_code": "category_ids"
                        },
                        {
                            "value": "170",
                            "attribute_code": "size"
                        },
                        {
                            "value": "53",
                            "attribute_code": "color"
                        },
                        {
                            "value": "/w/s/ws10-green_main.jpg",
                            "attribute_code": "image"
                        },
                        {
                            "value": "/w/s/ws10-green_main.jpg",
                            "attribute_code": "small_image"
                        },
                        {
                            "value": "/w/s/ws10-green_main.jpg",
                            "attribute_code": "thumbnail"
                        },
                        {
                            "value": "karissa-v-neck-tee-l-green",
                            "attribute_code": "url_key"
                        },
                        {
                            "value": "0",
                            "attribute_code": "msrp_display_actual_price_type"
                        }
                    ],
                    "required_options": "0",
                    "has_options": "0",
                    "tax_class_id": "2",
                    "category_ids": [
                        "25",
                        "33",
                        "35",
                        "2"
                    ],
                    "size": "170",
                    "color": "53",
                    "image": "/w/s/ws10-green_main.jpg",
                    "small_image": "/w/s/ws10-green_main.jpg",
                    "thumbnail": "/w/s/ws10-green_main.jpg",
                    "url_key": "karissa-v-neck-tee-l-green",
                    "msrp_display_actual_price_type": "0",
                    "priceInclTax": 39.36,
                    "priceTax": 7.36,
                    "specialPriceInclTax": null,
                    "specialPriceTax": null,
                    "special_price": 0,
                    "sgn": "vYrMbR7pOMN4TzSneiWS-rw0VgcqNmy0sBltvOA9D0Y"
                },
                {
                    "price": 32,
                    "name": "Karissa V-Neck Tee-L-Red",
                    "sku": "WS10-L-Red",
                    "custom_attributes": [
                        {
                            "value": "0",
                            "attribute_code": "required_options"
                        },
                        {
                            "value": "0",
                            "attribute_code": "has_options"
                        },
                        {
                            "value": "2",
                            "attribute_code": "tax_class_id"
                        },
                        {
                            "value": [
                                "25",
                                "33",
                                "35",
                                "2"
                            ],
                            "attribute_code": "category_ids"
                        },
                        {
                            "value": "170",
                            "attribute_code": "size"
                        },
                        {
                            "value": "58",
                            "attribute_code": "color"
                        },
                        {
                            "value": "/w/s/ws10-red_main.jpg",
                            "attribute_code": "image"
                        },
                        {
                            "value": "/w/s/ws10-red_main.jpg",
                            "attribute_code": "small_image"
                        },
                        {
                            "value": "/w/s/ws10-red_main.jpg",
                            "attribute_code": "thumbnail"
                        },
                        {
                            "value": "karissa-v-neck-tee-l-red",
                            "attribute_code": "url_key"
                        },
                        {
                            "value": "0",
                            "attribute_code": "msrp_display_actual_price_type"
                        }
                    ],
                    "required_options": "0",
                    "has_options": "0",
                    "tax_class_id": "2",
                    "category_ids": [
                        "25",
                        "33",
                        "35",
                        "2"
                    ],
                    "size": "170",
                    "color": "58",
                    "image": "/w/s/ws10-red_main.jpg",
                    "small_image": "/w/s/ws10-red_main.jpg",
                    "thumbnail": "/w/s/ws10-red_main.jpg",
                    "url_key": "karissa-v-neck-tee-l-red",
                    "msrp_display_actual_price_type": "0",
                    "priceInclTax": 39.36,
                    "priceTax": 7.36,
                    "specialPriceInclTax": null,
                    "specialPriceTax": null,
                    "special_price": 0,
                    "sgn": "BEyOuC5ua5G0gAR_H7vKi65LFPlMcLeDuN19RHGx3I0"
                },
                {
                    "price": 32,
                    "name": "Karissa V-Neck Tee-L-Yellow",
                    "sku": "WS10-L-Yellow",
                    "custom_attributes": [
                        {
                            "value": "0",
                            "attribute_code": "required_options"
                        },
                        {
                            "value": "0",
                            "attribute_code": "has_options"
                        },
                        {
                            "value": "2",
                            "attribute_code": "tax_class_id"
                        },
                        {
                            "value": [
                                "25",
                                "33",
                                "35",
                                "2"
                            ],
                            "attribute_code": "category_ids"
                        },
                        {
                            "value": "170",
                            "attribute_code": "size"
                        },
                        {
                            "value": "60",
                            "attribute_code": "color"
                        },
                        {
                            "value": "/w/s/ws10-yellow_main.jpg",
                            "attribute_code": "image"
                        },
                        {
                            "value": "/w/s/ws10-yellow_main.jpg",
                            "attribute_code": "small_image"
                        },
                        {
                            "value": "/w/s/ws10-yellow_main.jpg",
                            "attribute_code": "thumbnail"
                        },
                        {
                            "value": "karissa-v-neck-tee-l-yellow",
                            "attribute_code": "url_key"
                        },
                        {
                            "value": "0",
                            "attribute_code": "msrp_display_actual_price_type"
                        }
                    ],
                    "required_options": "0",
                    "has_options": "0",
                    "tax_class_id": "2",
                    "category_ids": [
                        "25",
                        "33",
                        "35",
                        "2"
                    ],
                    "size": "170",
                    "color": "60",
                    "image": "/w/s/ws10-yellow_main.jpg",
                    "small_image": "/w/s/ws10-yellow_main.jpg",
                    "thumbnail": "/w/s/ws10-yellow_main.jpg",
                    "url_key": "karissa-v-neck-tee-l-yellow",
                    "msrp_display_actual_price_type": "0",
                    "priceInclTax": 39.36,
                    "priceTax": 7.36,
                    "specialPriceInclTax": null,
                    "specialPriceTax": null,
                    "special_price": 0,
                    "sgn": "vvlsiZYK1eiKUE2AwMK9NDwA-ICQ9GFHklUQCTd_BTU"
                },
                {
                    "price": 32,
                    "name": "Karissa V-Neck Tee-XL-Green",
                    "sku": "WS10-XL-Green",
                    "custom_attributes": [
                        {
                            "value": "0",
                            "attribute_code": "required_options"
                        },
                        {
                            "value": "0",
                            "attribute_code": "has_options"
                        },
                        {
                            "value": "2",
                            "attribute_code": "tax_class_id"
                        },
                        {
                            "value": [
                                "25",
                                "33",
                                "35",
                                "2"
                            ],
                            "attribute_code": "category_ids"
                        },
                        {
                            "value": "171",
                            "attribute_code": "size"
                        },
                        {
                            "value": "53",
                            "attribute_code": "color"
                        },
                        {
                            "value": "/w/s/ws10-green_main.jpg",
                            "attribute_code": "image"
                        },
                        {
                            "value": "/w/s/ws10-green_main.jpg",
                            "attribute_code": "small_image"
                        },
                        {
                            "value": "/w/s/ws10-green_main.jpg",
                            "attribute_code": "thumbnail"
                        },
                        {
                            "value": "karissa-v-neck-tee-xl-green",
                            "attribute_code": "url_key"
                        },
                        {
                            "value": "0",
                            "attribute_code": "msrp_display_actual_price_type"
                        }
                    ],
                    "required_options": "0",
                    "has_options": "0",
                    "tax_class_id": "2",
                    "category_ids": [
                        "25",
                        "33",
                        "35",
                        "2"
                    ],
                    "size": "171",
                    "color": "53",
                    "image": "/w/s/ws10-green_main.jpg",
                    "small_image": "/w/s/ws10-green_main.jpg",
                    "thumbnail": "/w/s/ws10-green_main.jpg",
                    "url_key": "karissa-v-neck-tee-xl-green",
                    "msrp_display_actual_price_type": "0",
                    "priceInclTax": 39.36,
                    "priceTax": 7.36,
                    "specialPriceInclTax": null,
                    "specialPriceTax": null,
                    "special_price": 0,
                    "sgn": "uDigRci1lS43J41aXz2WVw-r5pGkjaM378WtIjkPMNo"
                },
                {
                    "price": 32,
                    "name": "Karissa V-Neck Tee-XL-Red",
                    "sku": "WS10-XL-Red",
                    "custom_attributes": [
                        {
                            "value": "0",
                            "attribute_code": "required_options"
                        },
                        {
                            "value": "0",
                            "attribute_code": "has_options"
                        },
                        {
                            "value": "2",
                            "attribute_code": "tax_class_id"
                        },
                        {
                            "value": [
                                "25",
                                "33",
                                "35",
                                "2"
                            ],
                            "attribute_code": "category_ids"
                        },
                        {
                            "value": "171",
                            "attribute_code": "size"
                        },
                        {
                            "value": "58",
                            "attribute_code": "color"
                        },
                        {
                            "value": "/w/s/ws10-red_main.jpg",
                            "attribute_code": "image"
                        },
                        {
                            "value": "/w/s/ws10-red_main.jpg",
                            "attribute_code": "small_image"
                        },
                        {
                            "value": "/w/s/ws10-red_main.jpg",
                            "attribute_code": "thumbnail"
                        },
                        {
                            "value": "karissa-v-neck-tee-xl-red",
                            "attribute_code": "url_key"
                        },
                        {
                            "value": "0",
                            "attribute_code": "msrp_display_actual_price_type"
                        }
                    ],
                    "required_options": "0",
                    "has_options": "0",
                    "tax_class_id": "2",
                    "category_ids": [
                        "25",
                        "33",
                        "35",
                        "2"
                    ],
                    "size": "171",
                    "color": "58",
                    "image": "/w/s/ws10-red_main.jpg",
                    "small_image": "/w/s/ws10-red_main.jpg",
                    "thumbnail": "/w/s/ws10-red_main.jpg",
                    "url_key": "karissa-v-neck-tee-xl-red",
                    "msrp_display_actual_price_type": "0",
                    "priceInclTax": 39.36,
                    "priceTax": 7.36,
                    "specialPriceInclTax": null,
                    "specialPriceTax": null,
                    "special_price": 0,
                    "sgn": "WtHBPWwYYuwH_dsR0HUPGAf5fUKx-ERNCyWUyYmSrFs"
                },
                {
                    "price": 32,
                    "name": "Karissa V-Neck Tee-XL-Yellow",
                    "sku": "WS10-XL-Yellow",
                    "custom_attributes": [
                        {
                            "value": "0",
                            "attribute_code": "required_options"
                        },
                        {
                            "value": "0",
                            "attribute_code": "has_options"
                        },
                        {
                            "value": "2",
                            "attribute_code": "tax_class_id"
                        },
                        {
                            "value": [
                                "25",
                                "33",
                                "35",
                                "2"
                            ],
                            "attribute_code": "category_ids"
                        },
                        {
                            "value": "171",
                            "attribute_code": "size"
                        },
                        {
                            "value": "60",
                            "attribute_code": "color"
                        },
                        {
                            "value": "/w/s/ws10-yellow_main.jpg",
                            "attribute_code": "image"
                        },
                        {
                            "value": "/w/s/ws10-yellow_main.jpg",
                            "attribute_code": "small_image"
                        },
                        {
                            "value": "/w/s/ws10-yellow_main.jpg",
                            "attribute_code": "thumbnail"
                        },
                        {
                            "value": "karissa-v-neck-tee-xl-yellow",
                            "attribute_code": "url_key"
                        },
                        {
                            "value": "0",
                            "attribute_code": "msrp_display_actual_price_type"
                        }
                    ],
                    "required_options": "0",
                    "has_options": "0",
                    "tax_class_id": "2",
                    "category_ids": [
                        "25",
                        "33",
                        "35",
                        "2"
                    ],
                    "size": "171",
                    "color": "60",
                    "image": "/w/s/ws10-yellow_main.jpg",
                    "small_image": "/w/s/ws10-yellow_main.jpg",
                    "thumbnail": "/w/s/ws10-yellow_main.jpg",
                    "url_key": "karissa-v-neck-tee-xl-yellow",
                    "msrp_display_actual_price_type": "0",
                    "priceInclTax": 39.36,
                    "priceTax": 7.36,
                    "specialPriceInclTax": null,
                    "specialPriceTax": null,
                    "special_price": 0,
                    "sgn": "ouAY1Nnyi_rNNiD4ZJRIDBiA-u8UhYyB-uAbAS-wfEM"
                }
            ],
            "category_ids": [
                "25",
                "33",
                "35",
                "2"
            ],
            "stock": {
                "min_sale_qty": 1,
                "qty_increments": 0,
                "stock_status_changed_auto": 0,
                "is_in_stock": true,
                "show_default_notification_message": false,
                "use_config_max_sale_qty": true,
                "product_id": 1529,
                "use_config_qty_increments": true,
                "notify_stock_qty": 1,
                "manage_stock": true,
                "item_id": 1529,
                "min_qty": 0,
                "use_config_min_qty": true,
                "use_config_notify_stock_qty": true,
                "stock_id": 1,
                "use_config_backorders": true,
                "max_sale_qty": 10000,
                "backorders": 0,
                "qty": 0,
                "use_config_enable_qty_inc": true,
                "is_decimal_divided": false,
                "enable_qty_increments": false,
                "is_qty_decimal": false,
                "use_config_manage_stock": true,
                "low_stock_date": null,
                "use_config_min_sale_qty": 1
            },
            "url_key": "karissa-v-neck-tee-xs-green",
            "size_options": [
                167,
                168,
                169,
                170,
                171
            ],
            "color_options": [
                53,
                58,
                60
            ],
            "eco_collection_options": [
                167,
                168,
                169,
                170,
                171
            ],
            "priceInclTax": 39.36,
            "priceTax": 7.36,
            "special_price": 0,
            "specialPriceInclTax": null,
            "specialPriceTax": null,
            "sgn": "kzZQmEW7jarL40hnOCNzZGQGO9JuAYB7mCo7EkUdUtg",
            "_score": 6.4056664,
            "slug": "karissa-v-neck-tee-1529",
            "size": "167",
            "color": "53",
            "onlineStockCheckid": "1516461181528-d3fe15fc-db2f-7e5c-7435-0fbbf91b9433",
            "qty": 1,
            "info_message": "In stock!",
            "is_in_stock": true,
            "server_item_id": 297,
            "server_cart_id": "242"
        }
    ],
    "addressInformation": {
        "shippingAddress": {
            "region": "dolnośląskie",
            "region_id": 0,
            "country_id": "PL",
            "street": [
                "Lekcyjna",
                "13"
            ],
            "company": "NA",
            "telephone": "",
            "postcode": "51-169",
            "city": "Wrocław",
            "firstname": "Piotr",
            "lastname": "Karwatka",
            "email": "pkarwatka222@divante.pl",
            "region_code": ""
        },
        "billingAddress": {
            "region": "",
            "region_id": 0,
            "country_id": "PL",
            "street": [
                "Lekcyjna",
                "13"
            ],
            "company": "Divante",
            "telephone": "",
            "postcode": "51-169",
            "city": "Wrocław",
            "firstname": "Piotr",
            "lastname": "Karwatka",
            "email": "pkarwatka222@divante.pl",
            "region_code": "",
            "vat_id": "PL8951930748"
        },
        "shipping_method_code": "flatrate",
        "shipping_carrier_code": "flatrate",
        "payment_method_code": "cashondelivery"
    },
    "order_id": "1516461255097-e8e739f4-92c9-fc6b-00e9-a2e9f4ff0067",
    "transmited": false,
    "created_at": "2018-01-20T15:14:15.097Z",
    "updated_at": "2018-01-20T15:14:15.097Z"
}