{
  "user_id": "154",
  "cart_id": "278249",
  "products": [
    {
      "pattern": "197",
      "description": "<p>When rising temps threaten to melt you down, Elisa EverCool&trade; Tee brings serious relief. Moisture-wicking fabric pulls sweat away from your skin, while the innovative seams hug your muscles to enhance your range of motion.</p>\n<p>&bull; Purple heather v-neck tee.<br />&bull; Short-Sleeves.<br />&bull; Luma EverCool&trade; fabric. <br />&bull; Machine wash/line dry.</p>",
      "eco_collection": "1",
      "configurable_options": [
        {
          "attribute_id": "93",
          "values": [
            {
              "value_index": 52
            },
            {
              "value_index": 57
            },
            {
              "value_index": 58
            }
          ],
          "product_id": 1465,
          "id": 201,
          "label": "Color",
          "position": 1,
          "attribute_code": "color"
        },
        {
          "attribute_id": "142",
          "values": [
            {
              "value_index": 167
            },
            {
              "value_index": 168
            },
            {
              "value_index": 169
            },
            {
              "value_index": 170
            },
            {
              "value_index": 171
            }
          ],
          "product_id": 1465,
          "id": 200,
          "label": "Size",
          "position": 0,
          "attribute_code": "size"
        }
      ],
      "tsk": 1527947580832,
      "custom_attributes": null,
      "size_options": [
        167,
        168,
        169,
        170,
        171
      ],
      "erin_recommends": "0",
      "price": 29,
      "color_options": [
        52,
        57,
        58
      ],
      "id": 1450,
      "category_ids": [
        "25",
        "33",
        "8",
        "36",
        "2"
      ],
      "sku": "WS06-XS-Gray",
      "product_links": [],
      "stock": {
        "item_id": 1450,
        "product_id": 1450,
        "stock_id": 1,
        "qty": 73,
        "is_in_stock": true,
        "is_qty_decimal": false,
        "show_default_notification_message": false,
        "use_config_min_qty": true,
        "min_qty": 0,
        "use_config_min_sale_qty": 1,
        "min_sale_qty": 1,
        "use_config_max_sale_qty": true,
        "max_sale_qty": 10000,
        "use_config_backorders": true,
        "backorders": 0,
        "use_config_notify_stock_qty": true,
        "notify_stock_qty": 1,
        "use_config_qty_increments": true,
        "qty_increments": 0,
        "use_config_enable_qty_inc": true,
        "enable_qty_increments": false,
        "use_config_manage_stock": true,
        "manage_stock": true,
        "low_stock_date": null,
        "is_decimal_divided": false,
        "stock_status_changed_auto": 0
      },
      "image": "/w/s/ws06-gray_main.jpg",
      "new": "1",
      "thumbnail": "/w/s/ws06-gray_main.jpg",
      "type_id": "configurable",
      "media_gallery": [
        {
          "image": "/w/s/ws06-purple_main.jpg",
          "pos": 1,
          "typ": "image",
          "lab": ""
        },
        {
          "image": "/w/s/ws06-purple_back.jpg",
          "pos": 2,
          "typ": "image",
          "lab": ""
        }
      ],
      "tax_class_id": "2",
      "climate": "205,209",
      "style_general": "136",
      "performance_fabric": "0",
      "sale": "0",
      "required_options": "0",
      "material": "153,154",
      "name": "Elisa EverCool&trade; Tee",
      "configurable_children": [
        {
          "image": "/w/s/ws06-gray_main.jpg",
          "thumbnail": "/w/s/ws06-gray_main.jpg",
          "color": "52",
          "small_image": "/w/s/ws06-gray_main.jpg",
          "tax_class_id": "2",
          "has_options": "0",
          "url_key": "elisa-evercool-trade-tee-xs-gray",
          "required_options": "0",
          "msrp_display_actual_price_type": "0",
          "size": "167",
          "price": 29,
          "name": "Elisa EverCool&trade; Tee-XS-Gray",
          "id": 1450,
          "category_ids": [
            "25",
            "33",
            "8",
            "36",
            "2"
          ],
          "sku": "WS06-XS-Gray",
          "status": 1,
          "priceInclTax": 35.67,
          "priceTax": 6.67,
          "specialPriceInclTax": null,
          "specialPriceTax": null,
          "special_price": 0,
          "sgn": "4gR6tRUex3IbzheWhATJpY7yPEiZSyPdF3o_45payN8"
        },
        {
          "image": "/w/s/ws06-purple_main.jpg",
          "thumbnail": "/w/s/ws06-purple_main.jpg",
          "color": "57",
          "small_image": "/w/s/ws06-purple_main.jpg",
          "tax_class_id": "2",
          "has_options": "0",
          "url_key": "elisa-evercool-trade-tee-xs-purple",
          "required_options": "0",
          "msrp_display_actual_price_type": "0",
          "size": "167",
          "price": 29,
          "name": "Elisa EverCool&trade; Tee-XS-Purple",
          "id": 1451,
          "category_ids": [
            "25",
            "33",
            "8",
            "36",
            "2"
          ],
          "sku": "WS06-XS-Purple",
          "status": 1,
          "priceInclTax": 35.67,
          "priceTax": 6.67,
          "specialPriceInclTax": null,
          "specialPriceTax": null,
          "special_price": 0,
          "sgn": "qk7nNSK_4kQDrA-t8uN_Kcemo0PQHtxvbI37W9JZoOE"
        },
        {
          "image": "/w/s/ws06-red_main.jpg",
          "thumbnail": "/w/s/ws06-red_main.jpg",
          "color": "58",
          "small_image": "/w/s/ws06-red_main.jpg",
          "tax_class_id": "2",
          "has_options": "0",
          "url_key": "elisa-evercool-trade-tee-xs-red",
          "required_options": "0",
          "msrp_display_actual_price_type": "0",
          "size": "167",
          "price": 29,
          "name": "Elisa EverCool&trade; Tee-XS-Red",
          "id": 1452,
          "category_ids": [
            "25",
            "33",
            "8",
            "36",
            "2"
          ],
          "sku": "WS06-XS-Red",
          "status": 1,
          "priceInclTax": 35.67,
          "priceTax": 6.67,
          "specialPriceInclTax": null,
          "specialPriceTax": null,
          "special_price": 0,
          "sgn": "i_jcxbZIyMVBPFq1Dc-yD7tLqJiEa17nYqWM2FCP5DM"
        },
        {
          "image": "/w/s/ws06-gray_main.jpg",
          "thumbnail": "/w/s/ws06-gray_main.jpg",
          "color": "52",
          "small_image": "/w/s/ws06-gray_main.jpg",
          "tax_class_id": "2",
          "has_options": "0",
          "url_key": "elisa-evercool-trade-tee-s-gray",
          "required_options": "0",
          "msrp_display_actual_price_type": "0",
          "size": "168",
          "price": 29,
          "name": "Elisa EverCool&trade; Tee-S-Gray",
          "id": 1453,
          "category_ids": [
            "25",
            "33",
            "8",
            "36",
            "2"
          ],
          "sku": "WS06-S-Gray",
          "status": 1,
          "priceInclTax": 35.67,
          "priceTax": 6.67,
          "specialPriceInclTax": null,
          "specialPriceTax": null,
          "special_price": 0,
          "sgn": "RI5a1mqgwgiElG_EQjDvA4_3ZW6HlTlcJ6i3DeK8juc"
        },
        {
          "image": "/w/s/ws06-purple_main.jpg",
          "thumbnail": "/w/s/ws06-purple_main.jpg",
          "color": "57",
          "small_image": "/w/s/ws06-purple_main.jpg",
          "tax_class_id": "2",
          "has_options": "0",
          "url_key": "elisa-evercool-trade-tee-s-purple",
          "required_options": "0",
          "msrp_display_actual_price_type": "0",
          "size": "168",
          "price": 29,
          "name": "Elisa EverCool&trade; Tee-S-Purple",
          "id": 1454,
          "category_ids": [
            "25",
            "33",
            "8",
            "36",
            "2"
          ],
          "sku": "WS06-S-Purple",
          "status": 1,
          "priceInclTax": 35.67,
          "priceTax": 6.67,
          "specialPriceInclTax": null,
          "specialPriceTax": null,
          "special_price": 0,
          "sgn": "7I8gwbRSHyF7RnENSzU6b6vQhOc2_BnUPD_MSLN7gfs"
        },
        {
          "image": "/w/s/ws06-red_main.jpg",
          "thumbnail": "/w/s/ws06-red_main.jpg",
          "color": "58",
          "small_image": "/w/s/ws06-red_main.jpg",
          "tax_class_id": "2",
          "has_options": "0",
          "url_key": "elisa-evercool-trade-tee-s-red",
          "required_options": "0",
          "msrp_display_actual_price_type": "0",
          "size": "168",
          "price": 29,
          "name": "Elisa EverCool&trade; Tee-S-Red",
          "id": 1455,
          "category_ids": [
            "25",
            "33",
            "8",
            "36",
            "2"
          ],
          "sku": "WS06-S-Red",
          "status": 1,
          "priceInclTax": 35.67,
          "priceTax": 6.67,
          "specialPriceInclTax": null,
          "specialPriceTax": null,
          "special_price": 0,
          "sgn": "wHyBZmvkrunDDDFfuZR8D6SQl0DT43gntpCNklb0I8c"
        },
        {
          "image": "/w/s/ws06-gray_main.jpg",
          "thumbnail": "/w/s/ws06-gray_main.jpg",
          "color": "52",
          "small_image": "/w/s/ws06-gray_main.jpg",
          "tax_class_id": "2",
          "has_options": "0",
          "url_key": "elisa-evercool-trade-tee-m-gray",
          "required_options": "0",
          "msrp_display_actual_price_type": "0",
          "size": "169",
          "price": 29,
          "name": "Elisa EverCool&trade; Tee-M-Gray",
          "id": 1456,
          "category_ids": [
            "25",
            "33",
            "8",
            "36",
            "2"
          ],
          "sku": "WS06-M-Gray",
          "status": 1,
          "priceInclTax": 35.67,
          "priceTax": 6.67,
          "specialPriceInclTax": null,
          "specialPriceTax": null,
          "special_price": 0,
          "sgn": "qGTJHXILZMTsY8JwgE6eYMNBQ6VPgwiJXV7d0Ixk1WM"
        },
        {
          "image": "/w/s/ws06-purple_main.jpg",
          "thumbnail": "/w/s/ws06-purple_main.jpg",
          "color": "57",
          "small_image": "/w/s/ws06-purple_main.jpg",
          "tax_class_id": "2",
          "has_options": "0",
          "url_key": "elisa-evercool-trade-tee-m-purple",
          "required_options": "0",
          "msrp_display_actual_price_type": "0",
          "size": "169",
          "price": 29,
          "name": "Elisa EverCool&trade; Tee-M-Purple",
          "id": 1457,
          "category_ids": [
            "25",
            "33",
            "8",
            "36",
            "2"
          ],
          "sku": "WS06-M-Purple",
          "status": 1,
          "priceInclTax": 35.67,
          "priceTax": 6.67,
          "specialPriceInclTax": null,
          "specialPriceTax": null,
          "special_price": 0,
          "sgn": "rXHN_rp68SOfrtOAHVqc-kEysGs8AV3IH9y8EAlbO50"
        },
        {
          "image": "/w/s/ws06-red_main.jpg",
          "thumbnail": "/w/s/ws06-red_main.jpg",
          "color": "58",
          "small_image": "/w/s/ws06-red_main.jpg",
          "tax_class_id": "2",
          "has_options": "0",
          "url_key": "elisa-evercool-trade-tee-m-red",
          "required_options": "0",
          "msrp_display_actual_price_type": "0",
          "size": "169",
          "price": 29,
          "name": "Elisa EverCool&trade; Tee-M-Red",
          "id": 1458,
          "category_ids": [
            "25",
            "33",
            "8",
            "36",
            "2"
          ],
          "sku": "WS06-M-Red",
          "status": 1,
          "priceInclTax": 35.67,
          "priceTax": 6.67,
          "specialPriceInclTax": null,
          "specialPriceTax": null,
          "special_price": 0,
          "sgn": "IFEjS0l2kMt6hZL-R0YJA3M6AQGY6jqzRPbCN5S62eg"
        },
        {
          "image": "/w/s/ws06-gray_main.jpg",
          "thumbnail": "/w/s/ws06-gray_main.jpg",
          "color": "52",
          "small_image": "/w/s/ws06-gray_main.jpg",
          "tax_class_id": "2",
          "has_options": "0",
          "url_key": "elisa-evercool-trade-tee-l-gray",
          "required_options": "0",
          "msrp_display_actual_price_type": "0",
          "size": "170",
          "price": 29,
          "name": "Elisa EverCool&trade; Tee-L-Gray",
          "id": 1459,
          "category_ids": [
            "25",
            "33",
            "8",
            "36",
            "2"
          ],
          "sku": "WS06-L-Gray",
          "status": 1,
          "priceInclTax": 35.67,
          "priceTax": 6.67,
          "specialPriceInclTax": null,
          "specialPriceTax": null,
          "special_price": 0,
          "sgn": "HcB-V5GBdIF9Z3U1tqSiM02wpZFkwTc2GRh6Kd4L8WE"
        },
        {
          "image": "/w/s/ws06-purple_main.jpg",
          "thumbnail": "/w/s/ws06-purple_main.jpg",
          "color": "57",
          "small_image": "/w/s/ws06-purple_main.jpg",
          "tax_class_id": "2",
          "has_options": "0",
          "url_key": "elisa-evercool-trade-tee-l-purple",
          "required_options": "0",
          "msrp_display_actual_price_type": "0",
          "size": "170",
          "price": 29,
          "name": "Elisa EverCool&trade; Tee-L-Purple",
          "id": 1460,
          "category_ids": [
            "25",
            "33",
            "8",
            "36",
            "2"
          ],
          "sku": "WS06-L-Purple",
          "status": 1,
          "priceInclTax": 35.67,
          "priceTax": 6.67,
          "specialPriceInclTax": null,
          "specialPriceTax": null,
          "special_price": 0,
          "sgn": "YIA6xmawLaKzkWH2HgmTgjLAk2T19EJquQUarfXSWac"
        },
        {
          "image": "/w/s/ws06-red_main.jpg",
          "thumbnail": "/w/s/ws06-red_main.jpg",
          "color": "58",
          "small_image": "/w/s/ws06-red_main.jpg",
          "tax_class_id": "2",
          "has_options": "0",
          "url_key": "elisa-evercool-trade-tee-l-red",
          "required_options": "0",
          "msrp_display_actual_price_type": "0",
          "size": "170",
          "price": 29,
          "name": "Elisa EverCool&trade; Tee-L-Red",
          "id": 1461,
          "category_ids": [
            "25",
            "33",
            "8",
            "36",
            "2"
          ],
          "sku": "WS06-L-Red",
          "status": 1,
          "priceInclTax": 35.67,
          "priceTax": 6.67,
          "specialPriceInclTax": null,
          "specialPriceTax": null,
          "special_price": 0,
          "sgn": "SS8y_e8g5b2fFP5Znfsc4OoKkaOTBircUQflLTwWsto"
        },
        {
          "image": "/w/s/ws06-gray_main.jpg",
          "thumbnail": "/w/s/ws06-gray_main.jpg",
          "color": "52",
          "small_image": "/w/s/ws06-gray_main.jpg",
          "tax_class_id": "2",
          "has_options": "0",
          "url_key": "elisa-evercool-trade-tee-xl-gray",
          "required_options": "0",
          "msrp_display_actual_price_type": "0",
          "size": "171",
          "price": 29,
          "name": "Elisa EverCool&trade; Tee-XL-Gray",
          "id": 1462,
          "category_ids": [
            "25",
            "33",
            "8",
            "36",
            "2"
          ],
          "sku": "WS06-XL-Gray",
          "status": 1,
          "priceInclTax": 35.67,
          "priceTax": 6.67,
          "specialPriceInclTax": null,
          "specialPriceTax": null,
          "special_price": 0,
          "sgn": "qWJDp2uryyKenGJiuLLhMtxJXczdgFv6dAD-djauh9Y"
        },
        {
          "image": "/w/s/ws06-purple_main.jpg",
          "thumbnail": "/w/s/ws06-purple_main.jpg",
          "color": "57",
          "small_image": "/w/s/ws06-purple_main.jpg",
          "tax_class_id": "2",
          "has_options": "0",
          "url_key": "elisa-evercool-trade-tee-xl-purple",
          "required_options": "0",
          "msrp_display_actual_price_type": "0",
          "size": "171",
          "price": 29,
          "name": "Elisa EverCool&trade; Tee-XL-Purple",
          "id": 1463,
          "category_ids": [
            "25",
            "33",
            "8",
            "36",
            "2"
          ],
          "sku": "WS06-XL-Purple",
          "status": 1,
          "priceInclTax": 35.67,
          "priceTax": 6.67,
          "specialPriceInclTax": null,
          "specialPriceTax": null,
          "special_price": 0,
          "sgn": "beo1frPphwAhmsX_WxR0VqqBURZH0_0EVf04_OfCiyQ"
        },
        {
          "image": "/w/s/ws06-red_main.jpg",
          "thumbnail": "/w/s/ws06-red_main.jpg",
          "color": "58",
          "small_image": "/w/s/ws06-red_main.jpg",
          "tax_class_id": "2",
          "has_options": "0",
          "url_key": "elisa-evercool-trade-tee-xl-red",
          "required_options": "0",
          "msrp_display_actual_price_type": "0",
          "size": "171",
          "price": 29,
          "name": "Elisa EverCool&trade; Tee-XL-Red",
          "id": 1464,
          "category_ids": [
            "25",
            "33",
            "8",
            "36",
            "2"
          ],
          "sku": "WS06-XL-Red",
          "status": 1,
          "priceInclTax": 35.67,
          "priceTax": 6.67,
          "specialPriceInclTax": null,
          "specialPriceTax": null,
          "special_price": 0,
          "sgn": "3aQYVfUs7IwtN255PbH_YCxdbSMRfyCm2YbYEshdGEc"
        }
      ],
      "category": [
        {
          "category_id": 2,
          "name": "Default Category"
        },
        {
          "category_id": 8,
          "name": "New Luma Yoga Collection"
        },
        {
          "category_id": 21,
          "name": "Tops"
        },
        {
          "category_id": 25,
          "name": "Tees"
        },
        {
          "category_id": 33,
          "name": "Tees"
        },
        {
          "category_id": 36,
          "name": "Eco Friendly"
        }
      ],
      "priceInclTax": 35.67,
      "priceTax": 6.67,
      "special_price": 0,
      "specialPriceInclTax": null,
      "specialPriceTax": null,
      "sgn": "4gR6tRUex3IbzheWhATJpY7yPEiZSyPdF3o_45payN8",
      "_score": 4,
      "slug": "elisa-evercool-and-trade-tee-1465",
      "errors": {},
      "info": {
        "stock": "In stock!"
      },
      "parentSku": "WS06",
      "options": [
        {
          "label": "Color",
          "value": "Gray"
        },
        {
          "label": "Size",
          "value": "XS"
        }
      ],
      "product_option": {
        "extension_attributes": {
          "configurable_item_options": [
            {
              "option_id": "93",
              "option_value": 52
            },
            {
              "option_id": "142",
              "option_value": 167
            }
          ]
        }
      },
      "is_configured": true,
      "color": "52",
      "small_image": "/w/s/ws06-gray_main.jpg",
      "has_options": "0",
      "url_key": "elisa-evercool-trade-tee-xs-gray",
      "msrp_display_actual_price_type": "0",
      "size": "167",
      "status": 1,
      "onlineStockCheckid": "1528096513812-95387fd5-d99d-60f7-18ca-0a6dc31cf601",
      "qty": 1,
      "is_in_stock": true,
      "server_item_id": 15016,
      "server_cart_id": "278249",
      "prev_qty": 1,
      "totals": {
        "item_id": 15016,
        "price": 29,
        "base_price": 29,
        "qty": 1,
        "row_total": 29,
        "base_row_total": 29,
        "row_total_with_discount": 0,
        "tax_amount": 4.54,
        "base_tax_amount": 4.54,
        "tax_percent": 23,
        "discount_amount": 9.28,
        "base_discount_amount": 9.28,
        "discount_percent": 35,
        "price_incl_tax": 35.67,
        "base_price_incl_tax": 35.67,
        "row_total_incl_tax": 35.67,
        "base_row_total_incl_tax": 35.67,
        "options": [
          {
            "value": "Gray",
            "label": "Color"
          },
          {
            "value": "XS",
            "label": "Size"
          }
        ],
        "weee_tax_applied_amount": null,
        "weee_tax_applied": null,
        "name": "Elisa EverCool&trade; Tee"
      }
    },
    {
      "image": "/w/s/wsh10-black_main.jpg",
      "thumbnail": "/w/s/wsh10-black_main.jpg",
      "color": "49",
      "type_id": "simple",
      "media_gallery": [
        {
          "image": "/w/s/wsh10-black_main.jpg",
          "pos": 1,
          "typ": "image",
          "lab": ""
        },
        {
          "image": "/w/s/wsh10-black_alt1.jpg",
          "pos": 2,
          "typ": "image",
          "lab": ""
        },
        {
          "image": "/w/s/wsh10-black_back.jpg",
          "pos": 3,
          "typ": "image",
          "lab": ""
        }
      ],
      "tax_class_id": "2",
      "description": "<p>Time to lace up your kicks and beat that personal best in the Ana Running Short. It's designed with breathable mesh side panels to help keep you cool while you master the miles.</p>\n<p>&bull; Black/pink two-layer shorts.<br />&bull; Low-rise elastic waistband.<br />&bull; Relaxed fit. <br />&bull; Ultra-lightweight fabric. <br />&bull; Internal drawstring. <br />&bull; Machine wash/dry.</p>",
      "weight": 1,
      "tsk": 1527947580832,
      "custom_attributes": null,
      "required_options": "0",
      "size": "172",
      "price": 40,
      "name": "Ana Running Short-28-Black",
      "id": 2016,
      "category_ids": [
        "28",
        "36",
        "2"
      ],
      "sku": "WSH10-28-Black",
      "product_links": [],
      "stock": {
        "min_sale_qty": 1,
        "item_id": 2016,
        "min_qty": 0,
        "stock_status_changed_auto": 0,
        "is_in_stock": true,
        "max_sale_qty": 10000,
        "show_default_notification_message": false,
        "backorders": 0,
        "product_id": 2016,
        "qty": 99,
        "is_decimal_divided": false,
        "is_qty_decimal": false,
        "low_stock_date": null,
        "use_config_qty_increments": true
      },
      "category": [],
      "priceInclTax": 49.2,
      "priceTax": 9.200000000000001,
      "special_price": 0,
      "specialPriceInclTax": null,
      "specialPriceTax": null,
      "sgn": "dT-oa8aB7NtHiu-78Ey73yMy86VM850omb5Anti7I9s",
      "_score": 5.5859995,
      "slug": "ana-running-short-28-black-2016",
      "errors": {},
      "info": {
        "stock": "In stock!"
      },
      "parentSku": "WSH10-28-Black",
      "server_item_id": 14950,
      "qty": 2,
      "server_cart_id": "278249",
      "onlineStockCheckid": "1528096532672-2b161046-297e-68e3-c11e-09527009edb2",
      "totals": {
        "item_id": 14950,
        "price": 40,
        "base_price": 40,
        "qty": 2,
        "row_total": 80,
        "base_row_total": 80,
        "row_total_with_discount": 0,
        "tax_amount": 12.51,
        "base_tax_amount": 12.51,
        "tax_percent": 23,
        "discount_amount": 25.6,
        "base_discount_amount": 25.6,
        "discount_percent": 35,
        "price_incl_tax": 49.2,
        "base_price_incl_tax": 49.2,
        "row_total_incl_tax": 98.4,
        "base_row_total_incl_tax": 98.4,
        "options": [],
        "weee_tax_applied_amount": null,
        "weee_tax_applied": null,
        "name": "Ana Running Short-28-Black"
      },
      "is_in_stock": true
    },
    {
      "image": "/w/s/ws01-black_main.jpg",
      "thumbnail": "/w/s/ws01-black_main.jpg",
      "color": "49",
      "type_id": "simple",
      "media_gallery": [
        {
          "image": "/w/s/ws01-black_main.jpg",
          "pos": 1,
          "typ": "image",
          "lab": ""
        },
        {
          "image": "/w/s/ws01-black_back.jpg",
          "pos": 2,
          "typ": "image",
          "lab": ""
        }
      ],
      "tax_class_id": "2",
      "description": "<p>When the miles add up, comfort is crucial. The short-sleeve Gwyn Endurance Tee is designed with an ultra-lightweight blend of breathable fabrics to help you tackle your training. Female-specific seams and a sporty v-neckline offer subtle style.</p>\n<p>&bull; Short-Sleeves.<br />&bull; Machine wash/line dry.</p>",
      "weight": 1,
      "tsk": 1527947580832,
      "custom_attributes": null,
      "required_options": "0",
      "size": "167",
      "price": 24,
      "name": "Gwyn Endurance Tee-XS-Black",
      "id": 1562,
      "category_ids": [
        "25",
        "33",
        "2"
      ],
      "sku": "WS01-XS-Black",
      "product_links": [],
      "stock": {
        "min_sale_qty": 1,
        "item_id": 1562,
        "min_qty": 0,
        "stock_status_changed_auto": 0,
        "is_in_stock": true,
        "max_sale_qty": 10000,
        "show_default_notification_message": false,
        "backorders": 0,
        "product_id": 1562,
        "qty": 46,
        "is_decimal_divided": false,
        "is_qty_decimal": false,
        "low_stock_date": null,
        "use_config_qty_increments": true
      },
      "category": [],
      "priceInclTax": 29.52,
      "priceTax": 5.5200000000000005,
      "special_price": 0,
      "specialPriceInclTax": null,
      "specialPriceTax": null,
      "sgn": "M4CQpx5efOxoSD90I_ktawErPrxv89jhNmHS6J9VU6Q",
      "_score": 5.6926093,
      "slug": "gwyn-endurance-tee-xs-black-1562",
      "errors": {},
      "info": {
        "stock": "In stock!"
      },
      "parentSku": "WS01-XS-Black",
      "server_item_id": 14949,
      "qty": 1,
      "server_cart_id": "278249",
      "onlineStockCheckid": "1528096532705-b498e48a-39cd-2090-0c23-e5ac0eca31e7",
      "totals": {
        "item_id": 14949,
        "price": 24,
        "base_price": 24,
        "qty": 1,
        "row_total": 24,
        "base_row_total": 24,
        "row_total_with_discount": 0,
        "tax_amount": 3.75,
        "base_tax_amount": 3.75,
        "tax_percent": 23,
        "discount_amount": 7.68,
        "base_discount_amount": 7.68,
        "discount_percent": 35,
        "price_incl_tax": 29.52,
        "base_price_incl_tax": 29.52,
        "row_total_incl_tax": 29.52,
        "base_row_total_incl_tax": 29.52,
        "options": [],
        "weee_tax_applied_amount": null,
        "weee_tax_applied": null,
        "name": "Gwyn Endurance Tee-XS-Black"
      },
      "is_in_stock": true
    },
    {
      "image": "/w/s/ws05-black_main.jpg",
      "thumbnail": "/w/s/ws05-black_main.jpg",
      "color": "49",
      "type_id": "simple",
      "media_gallery": [
        {
          "image": "/w/s/ws05-black_main.jpg",
          "pos": 1,
          "typ": "image",
          "lab": ""
        },
        {
          "image": "/w/s/ws05-black_alt1.jpg",
          "pos": 2,
          "typ": "image",
          "lab": ""
        },
        {
          "image": "/w/s/ws05-black_back.jpg",
          "pos": 3,
          "typ": "image",
          "lab": ""
        }
      ],
      "tax_class_id": "2",
      "description": "<p>When you're too far to turn back, thank yourself for choosing the Desiree Fitness Tee. Its ultra-lightweight, ultra-breathable fabric wicks sweat away from your body and helps keeps you cool for the distance.</p>\n<p>&bull; Short-Sleeves.<br />&bull; Performance fabric.<br />&bull; Machine wash/line dry.</p>",
      "weight": 1,
      "tsk": 1527947580832,
      "custom_attributes": null,
      "required_options": "0",
      "size": "167",
      "price": 24,
      "name": "Desiree Fitness Tee-XS-Black",
      "id": 1578,
      "category_ids": [
        "25",
        "33",
        "2"
      ],
      "sku": "WS05-XS-Black",
      "product_links": [],
      "stock": {
        "min_sale_qty": 1,
        "item_id": 1578,
        "min_qty": 0,
        "stock_status_changed_auto": 0,
        "is_in_stock": true,
        "max_sale_qty": 10000,
        "show_default_notification_message": false,
        "backorders": 0,
        "product_id": 1578,
        "qty": 15,
        "is_decimal_divided": false,
        "is_qty_decimal": false,
        "low_stock_date": null,
        "use_config_qty_increments": true
      },
      "category": [],
      "priceInclTax": 29.52,
      "priceTax": 5.5200000000000005,
      "special_price": 0,
      "specialPriceInclTax": null,
      "specialPriceTax": null,
      "sgn": "M4CQpx5efOxoSD90I_ktawErPrxv89jhNmHS6J9VU6Q",
      "_score": 5.5859995,
      "slug": "desiree-fitness-tee-xs-black-1578",
      "errors": {},
      "info": {
        "stock": "In stock!"
      },
      "parentSku": "WS05-XS-Black",
      "server_item_id": 14951,
      "qty": 2,
      "server_cart_id": "278249",
      "onlineStockCheckid": "1528096532725-009722bc-b0f9-699f-31d2-6721adcfd2cd",
      "totals": {
        "item_id": 14951,
        "price": 24,
        "base_price": 24,
        "qty": 2,
        "row_total": 48,
        "base_row_total": 48,
        "row_total_with_discount": 0,
        "tax_amount": 7.51,
        "base_tax_amount": 7.51,
        "tax_percent": 23,
        "discount_amount": 15.36,
        "base_discount_amount": 15.36,
        "discount_percent": 35,
        "price_incl_tax": 29.52,
        "base_price_incl_tax": 29.52,
        "row_total_incl_tax": 59.04,
        "base_row_total_incl_tax": 59.04,
        "options": [],
        "weee_tax_applied_amount": null,
        "weee_tax_applied": null,
        "name": "Desiree Fitness Tee-XS-Black"
      },
      "is_in_stock": true
    },
    {
      "image": "/m/t/mt06-black_main.jpg",
      "thumbnail": "/m/t/mt06-black_main.jpg",
      "color": "49",
      "type_id": "simple",
      "media_gallery": [
        {
          "image": "/m/t/mt06-black_main.jpg",
          "pos": 1,
          "typ": "image",
          "lab": ""
        },
        {
          "image": "/m/t/mt06-black_back.jpg",
          "pos": 2,
          "typ": "image",
          "lab": ""
        }
      ],
      "tax_class_id": "2",
      "description": "<p>The Olympic styled Vulcan Weightlifting Tank features polyester stretch and flex. Hit the rack in sleeveless style and unleash your personal best. This tank is designed to max performance, comfort and range of motion.</p>\n<p>&bull; Black polyester spandex tank.<br />&bull; 100% polyester.<br />&bull; Freedom of movement.<br />&bull; No-chafe seams.</p>",
      "weight": 1,
      "tsk": 1527947580832,
      "custom_attributes": null,
      "required_options": "0",
      "size": "167",
      "price": 28,
      "name": "Vulcan Weightlifting Tank-XS-Black",
      "id": 688,
      "category_ids": [
        "17"
      ],
      "sku": "MT06-XS-Black",
      "product_links": [],
      "stock": {
        "min_sale_qty": 1,
        "item_id": 688,
        "min_qty": 0,
        "stock_status_changed_auto": 0,
        "is_in_stock": true,
        "max_sale_qty": 10000,
        "show_default_notification_message": false,
        "backorders": 0,
        "product_id": 688,
        "qty": 100,
        "is_decimal_divided": false,
        "is_qty_decimal": false,
        "low_stock_date": null,
        "use_config_qty_increments": true
      },
      "category": [],
      "priceInclTax": 34.44,
      "priceTax": 6.44,
      "special_price": 0,
      "specialPriceInclTax": null,
      "specialPriceTax": null,
      "sgn": "3G3cGkGFeRqe8yf7PBrNGqiLUBlG7aAzmtWRx8cnjYU",
      "_score": 5.637168,
      "slug": "vulcan-weightlifting-tank-xs-black-688",
      "errors": {},
      "info": {
        "stock": "In stock!"
      },
      "parentSku": "MT06-XS-Black",
      "server_item_id": 14952,
      "qty": 1,
      "server_cart_id": "278249",
      "onlineStockCheckid": "1528096532752-7aedb67d-5486-28a1-f699-7bdff2f86661",
      "totals": {
        "item_id": 14952,
        "price": 28,
        "base_price": 28,
        "qty": 1,
        "row_total": 28,
        "base_row_total": 28,
        "row_total_with_discount": 0,
        "tax_amount": 4.38,
        "base_tax_amount": 4.38,
        "tax_percent": 23,
        "discount_amount": 8.96,
        "base_discount_amount": 8.96,
        "discount_percent": 35,
        "price_incl_tax": 34.44,
        "base_price_incl_tax": 34.44,
        "row_total_incl_tax": 34.44,
        "base_row_total_incl_tax": 34.44,
        "options": [],
        "weee_tax_applied_amount": null,
        "weee_tax_applied": null,
        "name": "Vulcan Weightlifting Tank-XS-Black"
      },
      "is_in_stock": true
    },
    {
      "image": "/w/s/wsh09-gray_main.jpg",
      "thumbnail": "/w/s/wsh09-gray_main.jpg",
      "color": "52",
      "type_id": "simple",
      "media_gallery": [
        {
          "image": "/w/s/wsh09-gray_main.jpg",
          "pos": 1,
          "typ": "image",
          "lab": ""
        },
        {
          "image": "/w/s/wsh09-gray_alt1.jpg",
          "pos": 2,
          "typ": "image",
          "lab": ""
        },
        {
          "image": "/w/s/wsh09-gray_back.jpg",
          "pos": 3,
          "typ": "image",
          "lab": ""
        }
      ],
      "tax_class_id": "2",
      "description": "<p>You can run, bike or swim in the do-anything, water-resistance Mimi Short. No need to worry about rubbing-induced soreness either, with flatlock seams and soft, chafe-resistant material.</p>\n<p>&bull; Gray/seafoam two-layer shorts.<br />&bull; Water-resistant construction.<br />&bull; Inner mesh brief for breathable support.<br />&bull; 2.0\" inseam.<br />&bull; Reflective trim for visibility.</p>",
      "weight": 1,
      "tsk": 1527947580832,
      "custom_attributes": null,
      "required_options": "0",
      "size": "172",
      "price": 44,
      "name": "Mimi All-Purpose Short-28-Gray",
      "id": 2009,
      "category_ids": [
        "28"
      ],
      "sku": "WSH09-28-Gray",
      "product_links": [],
      "stock": {
        "min_sale_qty": 1,
        "item_id": 2009,
        "min_qty": 0,
        "stock_status_changed_auto": 0,
        "is_in_stock": true,
        "max_sale_qty": 10000,
        "show_default_notification_message": false,
        "backorders": 0,
        "product_id": 2009,
        "qty": 100,
        "is_decimal_divided": false,
        "is_qty_decimal": false,
        "low_stock_date": null,
        "use_config_qty_increments": true
      },
      "category": [],
      "priceInclTax": 54.120000000000005,
      "priceTax": 10.120000000000001,
      "special_price": 0,
      "specialPriceInclTax": null,
      "specialPriceTax": null,
      "sgn": "kDhgRXd_UrZppLFtI8PyGQcjxZpT6O_-RVCGT0qDgvY",
      "_score": 5.5708857,
      "slug": "mimi-all-purpose-short-28-gray-2009",
      "errors": {},
      "info": {
        "stock": "In stock!"
      },
      "parentSku": "WSH09-28-Gray",
      "server_item_id": 14954,
      "qty": 1,
      "server_cart_id": "278249",
      "onlineStockCheckid": "1528096532801-03706745-2362-abcd-c77a-7da704ef79ec",
      "totals": {
        "item_id": 14954,
        "price": 44,
        "base_price": 44,
        "qty": 1,
        "row_total": 44,
        "base_row_total": 44,
        "row_total_with_discount": 0,
        "tax_amount": 6.88,
        "base_tax_amount": 6.88,
        "tax_percent": 23,
        "discount_amount": 14.08,
        "base_discount_amount": 14.08,
        "discount_percent": 35,
        "price_incl_tax": 54.12,
        "base_price_incl_tax": 54.12,
        "row_total_incl_tax": 54.12,
        "base_row_total_incl_tax": 54.12,
        "options": [],
        "weee_tax_applied_amount": null,
        "weee_tax_applied": null,
        "name": "Mimi All-Purpose Short-28-Gray"
      },
      "is_in_stock": true
    },
    {
      "image": "/w/s/wsh12-green_main.jpg",
      "thumbnail": "/w/s/wsh12-green_main.jpg",
      "color": "53",
      "type_id": "simple",
      "media_gallery": [
        {
          "image": "/w/s/wsh12-green_main.jpg",
          "pos": 1,
          "typ": "image",
          "lab": ""
        },
        {
          "image": "/w/s/wsh12-green_alt1.jpg",
          "pos": 2,
          "typ": "image",
          "lab": ""
        },
        {
          "image": "/w/s/wsh12-green_back.jpg",
          "pos": 3,
          "typ": "image",
          "lab": ""
        }
      ],
      "tax_class_id": "2",
      "description": "<p>A great short with a body-hugging design, the Erika Running Short is perfect for runners who prefer a fitted short rather than the traditional baggy variety.</p>\n<p>&bull; Seafoam pattern running shorts.<br />&bull; Elastic waistband.<br />&bull; Snug fit.<br />&bull; 4'' inseam.<br />&bull; 76% premium brushed Nylon / 24% Spandex.</p>",
      "weight": 1,
      "tsk": 1527947580832,
      "custom_attributes": null,
      "required_options": "0",
      "size": "172",
      "price": 45,
      "name": "Erika Running Short-28-Green",
      "id": 2030,
      "category_ids": [
        "28",
        "34",
        "2"
      ],
      "sku": "WSH12-28-Green",
      "product_links": [],
      "stock": {
        "min_sale_qty": 1,
        "item_id": 2030,
        "min_qty": 0,
        "stock_status_changed_auto": 0,
        "is_in_stock": true,
        "max_sale_qty": 10000,
        "show_default_notification_message": false,
        "backorders": 0,
        "product_id": 2030,
        "qty": 97,
        "is_decimal_divided": false,
        "is_qty_decimal": false,
        "low_stock_date": null,
        "use_config_qty_increments": true
      },
      "category": [],
      "priceInclTax": 55.35,
      "priceTax": 10.35,
      "special_price": 0,
      "specialPriceInclTax": null,
      "specialPriceTax": null,
      "sgn": "NciOW1FogviOfxXf83JJgrX-2oMAJMA78ATiijo1PxQ",
      "_score": 5.5708857,
      "slug": "erika-running-short-28-green-2030",
      "errors": {},
      "info": {
        "stock": "In stock!"
      },
      "parentSku": "WSH12-28-Green",
      "server_item_id": 14953,
      "qty": 1,
      "server_cart_id": "278249",
      "onlineStockCheckid": "1528096532816-bf55adde-a1ca-05fc-0b0b-6b9ac697f88e",
      "totals": {
        "item_id": 14953,
        "price": 45,
        "base_price": 45,
        "qty": 1,
        "row_total": 45,
        "base_row_total": 45,
        "row_total_with_discount": 0,
        "tax_amount": 7.04,
        "base_tax_amount": 7.04,
        "tax_percent": 23,
        "discount_amount": 14.4,
        "base_discount_amount": 14.4,
        "discount_percent": 35,
        "price_incl_tax": 55.35,
        "base_price_incl_tax": 55.35,
        "row_total_incl_tax": 55.35,
        "base_row_total_incl_tax": 55.35,
        "options": [],
        "weee_tax_applied_amount": null,
        "weee_tax_applied": null,
        "name": "Erika Running Short-28-Green"
      },
      "is_in_stock": true
    }
  ],
  "addressInformation": {
    "shippingAddress": {
      "region": "CA",
      "region_id": 0,
      "country_id": "US",
      "street": [
        "Lekcyjna22",
        "13"
      ],
      "company": "NA",
      "telephone": "501601055",
      "postcode": "51-169",
      "city": "Wrocław",
      "firstname": "Piotr2",
      "lastname": "Karwatka1",
      "email": "pkarwatka89@divante.pl",
      "region_code": ""
    },
    "billingAddress": {
      "region": "WA",
      "region_id": 0,
      "country_id": "US",
      "street": [
        "Lekcyjna22",
        "13"
      ],
      "telephone": "501601055",
      "postcode": "51-169",
      "city": "Wrocław",
      "firstname": "Piotr2",
      "lastname": "Karwatka1",
      "email": "pkarwatka89@divante.pl",
      "region_code": ""
    },
    "shipping_method_code": "flatrate",
    "shipping_carrier_code": "flatrate",
    "payment_method_code": "cashondelivery",
    "payment_method_additional": {}
  },
  "order_id": "1528096584063-bd61245e-1365-4371-1274-17ff0db5ca83",
  "transmited": false,
  "created_at": "2018-06-04T07:16:24.063Z",
  "updated_at": "2018-06-04T07:16:24.063Z"
}