{
  "server": {
    "host": "localhost",
    "port": 8080,
    "searchEngine": "elasticsearch",
    "useOutputCacheTagging": false,
    "useOutputCache": false,
    "outputCacheDefaultTtl": 86400,
    "availableCacheTags": ["P", "C", "T", "A", "product", "category", "attribute", "taxrule"],
    "invalidateCacheKey": "aeSu7aip",
    "invalidateCacheForwarding": false,
    "invalidateCacheForwardUrl": "http://localhost:3000/invalidate?key=aeSu7aip&tag="
  },
  "orders": {
    "useServerQueue": false
  },
  "catalog": {
    "excludeDisabledProducts": false
  },
  "elasticsearch": {
    "host": "localhost",
    "port": 9200,
    "protocol": "http",
    "min_score": 0.01,
    "indices": [
      "vue_storefront_catalog",
      "vue_storefront_catalog_de",
      "vue_storefront_catalog_it"
    ],
    "indexTypes": [
      "product",
      "category",
      "cms_block",
      "cms_page",
      "attribute",
      "taxrule",
      "review"
    ],
    "apiVersion": "5.6"
  },
  "redis": {
    "host": "localhost",
    "port": 6379,
    "db": 0,
    "auth": false
  },
  "kue": {},
  "availableStores": [
    "de",
    "it"
  ],
  "msi": {
    "enabled": false,
    "defaultStockId": 1
  },
  "storeViews": {
    "multistore": true,
    "mapStoreUrlsFor": [
      "de",
      "it"
    ],
    "de": {
      "storeCode": "de",
      "disabled": false,
      "storeId": 3,
      "websiteId": 1,
      "name": "German Store",
      "url": "/de",
      "elasticsearch": {
        "host": "localhost:8080/api/catalog",
        "index": "vue_storefront_catalog_de"
      },
      "msi": {
        "stockId": 2
      },
      "tax": {
        "defaultCountry": "DE",
        "defaultRegion": "",
        "deprecatedPriceFieldsSupport": true,
        "calculateServerSide": true,
        "sourcePriceIncludesTax": false,
        "finalPriceIncludesTax": true,
        "userGroupId": null,
        "useOnlyDefaultUserGroupId": false
      },
      "i18n": {
        "fullCountryName": "Germany",
        "fullLanguageName": "German",
        "defaultLanguage": "DE",
        "defaultCountry": "DE",
        "defaultLocale": "de-DE",
        "currencyCode": "EUR",
        "currencySign": "EUR",
        "dateFormat": "HH:mm D-M-YYYY"
      }
    },
    "it": {
      "storeCode": "it",
      "disabled": false,
      "storeId": 4,
      "websiteId": 1,
      "name": "Italian Store",
      "url": "/it",
      "elasticsearch": {
        "host": "localhost:8080/api/catalog",
        "index": "vue_storefront_catalog_it"
      },
      "msi": {
        "stockId": 2
      },
      "tax": {
        "defaultCountry": "IT",
        "defaultRegion": "",
        "calculateServerSide": true,
        "sourcePriceIncludesTax": false,
        "deprecatedPriceFieldsSupport": true,
        "finalPriceIncludesTax": true,
        "userGroupId": null,
        "useOnlyDefaultUserGroupId": false
      },
      "i18n": {
        "fullCountryName": "Italy",
        "fullLanguageName": "Italian",
        "defaultCountry": "IT",
        "defaultLanguage": "IT",
        "defaultLocale": "it-IT",
        "currencyCode": "EUR",
        "currencySign": "EUR",
        "dateFormat": "HH:mm D-M-YYYY"
      }
    }
  },
  "authHashSecret": "__SECRET_CHANGE_ME__",
  "objHashSecret": "__SECRET_CHANGE_ME__",
  "cart": {
    "setConfigurableProductOptions": false
  },
  "tax": {
    "defaultCountry": "PL",
    "defaultRegion": "",
    "calculateServerSide": true,
    "alwaysSyncPlatformPricesOver": false,
    "usePlatformTotals": true,
    "setConfigurableProductOptions": true,
    "sourcePriceIncludesTax": false,
    "deprecatedPriceFieldsSupport": true,
    "finalPriceIncludesTax": false,
    "userGroupId": null,
    "useOnlyDefaultUserGroupId": false
  },
  "review": {
    "defaultReviewStatus": 2 
  },
  "bodyLimit": "100kb",
  "corsHeaders": [
    "Link"
  ],
  "platform": "magento2",
  "registeredExtensions": [
    "mailchimp-subscribe",
    "example-magento-api",
    "cms-data",
    "mail-service",
    "example-processor",
    "elastic-stock"
  ],
  "extensions": {
    "mailchimp": {
      "listId": "e06875a7e1",
      "apiKey": "a9a3318ea7d30f5c5596bd4a78ae0985-us3",
      "apiUrl": "https://us3.api.mailchimp.com/3.0",
      "userStatus": "subscribed"
    },
    "mailService": {
      "transport": {
        "host": "smtp.gmail.com",
        "port": 465,
        "secure": true,
        "user": "vuestorefront",
        "pass": "vuestorefront.io"
      },
      "targetAddressWhitelist": ["contributors@vuestorefront.io"],
      "secretString": "__THIS_IS_SO_SECRET__"
    },
    "example-processor": {
      "resultProcessors": {
        "product": "my-product-processor"
      }
    }
  },
  "magento2": {
    "imgUrl": "http://demo-magento2.vuestorefront.io/media/catalog/product",
    "assetPath": "/../var/magento2-sample-data/pub/media",
    "api": {
      "url": "http://demo-magento2.vuestorefront.io/rest",
      "consumerKey": "byv3730rhoulpopcq64don8ukb8lf2gq",
      "consumerSecret": "u9q4fcobv7vfx9td80oupa6uhexc27rb",
      "accessToken": "040xx3qy7s0j28o3q0exrfop579cy20m",
      "accessTokenSecret": "7qunl3p505rubmr7u1ijt7odyialnih9"
    }
  },
  "magento1": {
    "imgUrl": "http://magento-demo.local/media/catalog/product",
    "assetPath": "",
    "magentoUserName": "",
    "magentoUserPassword": "",
    "httpUserName": "",
    "httpUserPassword": "",
    "api": {
      "url": "http://magento-demo.local/vsbridge",
      "consumerKey": "",
      "consumerSecret": "",
      "accessToken": "",
      "accessTokenSecret": ""
    }
  },
  "imageable": {
    "maxListeners": 512,
    "imageSizeLimit": 1024,
    "whitelist": {
      "allowedHosts": [
        ".*divante.pl",
        ".*vuestorefront.io"
      ]
    },
    "cache": {
      "memory": 50,
      "files": 20,
      "items": 100
    },
    "concurrency": 0,
    "counters": {
      "queue": 2,
      "process": 4
    },
    "simd": true,
    "caching": {
      "active": false,
      "type": "file",
      "file": {
        "path": "/tmp/vue-storefront-api"
      },
      "google-cloud-storage": {
        "libraryOptions": {},
        "bucket": "",
        "prefix": "vue-storefront-api/image-cache"
      }
    },
    "action": {
      "type": "local"
    }
  },
  "entities": {
      "category": {
        "includeFields": [ "children_data", "id", "children_count", "sku", "name", "is_active", "parent_id", "level", "url_key" ]
      },
      "attribute": {
        "includeFields": [ "attribute_code", "id", "entity_type_id", "options", "default_value", "is_user_defined", "frontend_label", "attribute_id", "default_frontend_label", "is_visible_on_front", "is_visible", "is_comparable" ]
      },
      "productList": {
        "sort": "",
        "includeFields": [ "type_id", "sku", "product_links", "tax_class_id", "special_price", "special_to_date", "special_from_date", "name", "price", "priceInclTax", "originalPriceInclTax", "originalPrice", "specialPriceInclTax", "id", "image", "sale", "new", "url_key" ],
        "excludeFields": [ "configurable_children", "description", "configurable_options", "sgn" ]
      },
      "productListWithChildren": {
        "includeFields": [ "type_id", "sku", "name", "tax_class_id", "special_price", "special_to_date", "special_from_date", "price", "priceInclTax", "originalPriceInclTax", "originalPrice", "specialPriceInclTax", "id", "image", "sale", "new", "configurable_children.image", "configurable_children.sku", "configurable_children.price", "configurable_children.special_price", "configurable_children.priceInclTax", "configurable_children.specialPriceInclTax", "configurable_children.originalPrice", "configurable_children.originalPriceInclTax", "configurable_children.color", "configurable_children.size", "product_links", "url_key"],
        "excludeFields": [ "description", "sgn"]
      },
      "product": {
        "excludeFields": [ "updated_at", "created_at", "attribute_set_id", "status", "visibility", "tier_prices", "options_container", "msrp_display_actual_price_type", "has_options", "stock.manage_stock", "stock.use_config_min_qty", "stock.use_config_notify_stock_qty", "stock.stock_id",  "stock.use_config_backorders", "stock.use_config_enable_qty_inc", "stock.enable_qty_increments", "stock.use_config_manage_stock", "stock.use_config_min_sale_qty", "stock.notify_stock_qty", "stock.use_config_max_sale_qty", "stock.use_config_max_sale_qty", "stock.qty_increments", "small_image"],
        "includeFields": null,
        "filterFieldMapping": {
          "category.name": "category.name.keyword"
        }
      }
    },
  "usePriceTiers": false,
  "boost": {
    "name": 3,
    "category.name": 1,
    "short_description": 1,
    "description": 1,
    "sku": 1,
    "configurable_children.sku": 1
  }
}
