{
   "properties": {
       "url_key": {"type": "keyword"},
       "url_path": {"type": "keyword"},
       "slug": {"type": "keyword"},
       "is_active": {"type": "boolean"},
       "product_count": {"type": "integer"},
       "parent_id": {"type": "integer"},
       "position": {"type": "integer"},
       "created_at": {
           "type": "date",
           "format": "yyyy-MM-dd HH:mm:ss||yyyy-MM-dd||epoch_millis"
        },
       "updated_at": {
           "type": "date",
           "format": "yyyy-MM-dd HH:mm:ss||yyyy-MM-dd||epoch_millis"
        }
    }
}
